slide,0.05,2000,adam,0.0,0.01,0.01,0.9084,0.7285,0.9719,0.906300072833212,0.8971558630735615
hinge,0.05,2000,adam,0.0,0.01,0.01,0.9084,0.7285,0.9719,0.906300072833212,0.8971558630735615
slide,0.05,2000,adam,0.0,0.01,0.01,0.9069,0.6539,0.9816,0.9550133527555231,0.951570769604273
slide,0.05,2000,adam,0.01,0.01,0.01,0.9084,0.7264,0.977,0.9071862102452051,0.8979388201019666
hinge,0.05,2000,adam,0.0,0.01,0.01,0.9069,0.6539,0.9816,0.9550133527555231,0.951570769604273
hinge,0.05,2000,adam,0.01,0.01,0.01,0.9091,0.7301,0.9711,0.9066156834183055,0.8968657441126487
slide,0.05,2000,adam,0.01,0.01,0.01,0.9068,0.6525,0.9819,0.9563486283078416,0.952941247875698
slide,0.05,2000,adam,0.1,0.01,0.01,0.9092,0.7189,0.9808,0.9160050983248361,0.9074629764505949
hinge,0.05,2000,adam,0.01,0.01,0.01,0.9068,0.6537,0.9817,0.9551043942704539,0.9516436028162175
hinge,0.05,2000,adam,0.1,0.01,0.01,0.9087,0.7278,0.976,0.9083029861616898,0.8988722991017237
slide,0.05,2000,adam,0.1,0.01,0.01,0.9044,0.6285,0.9857,0.9711580480699199,0.9684474386987133
slide,0.05,2000,adam,0.2,0.01,0.01,0.9081,0.7067,0.9825,0.9217831998057782,0.9127251760135956
hinge,0.05,2000,adam,0.1,0.01,0.01,0.9067,0.6529,0.982,0.9559237679048312,0.9523379461034231
hinge,0.05,2000,adam,0.2,0.01,0.01,0.9091,0.7263,0.9726,0.9094197620781744,0.9006919155134742
slide,0.05,2000,adam,0.2,0.01,0.01,0.9006,0.5969,0.995,0.9890932265112892,0.9860184510803592
slide,0.05,2000,adam,0.5,0.01,0.01,0.9002,0.6127,0.9908,0.9731670308327265,0.9698834668608886
hinge,0.05,2000,adam,0.2,0.01,0.01,0.9069,0.6516,0.9819,0.9570526826899732,0.9536647244476815
hinge,0.05,2000,adam,0.5,0.01,0.01,0.9088,0.7191,0.9767,0.9135287691187182,0.9042753095411507
slide,0.05,2000,adam,0.5,0.01,0.01,0.9005,0.5957,0.9945,0.9888383102694829,0.98592983733916
slide,0.05,2000,adam,1.0,0.01,0.01,0.9011,0.6071,0.991,0.9785566885166302,0.9757234765719836
hinge,0.05,2000,adam,0.5,0.01,0.01,0.9068,0.6477,0.982,0.9599720806020878,0.956665452779801
hinge,0.05,2000,adam,1.0,0.01,0.01,0.9092,0.7217,0.9687,0.9135044913814033,0.9041308570041273
slide,0.05,2000,adam,1.0,0.01,0.01,0.9002,0.5957,0.9927,0.9875697984947803,0.9846856033017722
slide,0.05,2000,adam,2.0,0.01,0.01,0.9004,0.6069,0.9949,0.9781196892449624,0.9748373391599903
hinge,0.05,2000,adam,1.0,0.01,0.01,0.9062,0.6425,0.9839,0.9635712551590192,0.9604442825928623
hinge,0.05,2000,adam,2.0,0.01,0.01,0.9098,0.7197,0.9744,0.9150218499635835,0.9064760864287449
slide,0.05,2000,adam,2.0,0.01,0.01,0.9001,0.5957,0.992,0.9873512988589462,0.9844634620053412
slide,0.05,2000,adam,3.0,0.01,0.01,0.8999,0.6003,0.9949,0.9805596018451079,0.9771922796795338
hinge,0.05,2000,adam,2.0,0.01,0.01,0.9045,0.6305,0.9863,0.9696042728817674,0.9667916970138383
hinge,0.05,2000,adam,3.0,0.01,0.01,0.9096,0.713,0.9793,0.9219652828356398,0.9134498664724447
slide,0.05,2000,adam,3.0,0.01,0.01,0.9001,0.5954,0.992,0.9870781743141539,0.9842121874241321
slide,0.05,2000,adam,4.0,0.01,0.01,0.9001,0.5999,0.9937,0.9831937363437729,0.9800339888322409
hinge,0.05,2000,adam,3.0,0.01,0.01,0.9037,0.6222,0.9877,0.9751760135955329,0.9723877154649186
hinge,0.05,2000,adam,4.0,0.01,0.01,0.9086,0.6957,0.9819,0.9296370478271425,0.9211592619567858
slide,0.05,2000,adam,4.0,0.01,0.01,0.9002,0.5955,0.9919,0.9870235494051953,0.9841660597232338
slide,0.05,2000,adam,5.0,0.01,0.01,0.8995,0.5991,0.9935,0.9802561301286721,0.9778611313425589
hinge,0.05,2000,adam,4.0,0.01,0.01,0.9029,0.6154,0.9897,0.9790118960912843,0.976218742413207
hinge,0.05,2000,adam,5.0,0.01,0.01,0.9082,0.6914,0.9828,0.9335518329691673,0.9267018693857733
slide,0.05,2000,adam,5.0,0.01,0.01,0.9002,0.5955,0.9919,0.9870235494051953,0.9841660597232338
slide,0.05,2000,adam,6.0,0.01,0.01,0.9007,0.6043,0.9949,0.98221048798252,0.9788091769847049
hinge,0.05,2000,adam,5.0,0.01,0.01,0.9025,0.6088,0.9911,0.983169458606458,0.9803398883224084
hinge,0.05,2000,adam,6.0,0.01,0.01,0.907,0.6806,0.9805,0.9370660354454964,0.9295957756737072
slide,0.05,2000,adam,6.0,0.01,0.01,0.9002,0.5955,0.9919,0.9869689244962369,0.9841417819859188
slide,0.05,2000,adam,7.0,0.01,0.01,0.8992,0.595,0.9965,0.9843529983005584,0.981290361738286
hinge,0.05,2000,adam,6.0,0.01,0.01,0.9016,0.6034,0.9924,0.9857004127215344,0.9827348871085215
hinge,0.05,2000,adam,7.0,0.01,0.01,0.9051,0.6696,0.9829,0.9419883466860889,0.9358048069919884
slide,0.05,2000,adam,7.0,0.01,0.01,0.9002,0.5952,0.9917,0.9868778829813061,0.9840810876426317
slide,0.05,2000,adam,8.0,0.01,0.01,0.8999,0.5993,0.9947,0.9830116533139113,0.9798106336489438
hinge,0.05,2000,adam,7.0,0.01,0.01,0.9011,0.5991,0.9932,0.9876729788783686,0.9847547948531197
hinge,0.05,2000,adam,8.0,0.01,0.01,0.9056,0.6695,0.9839,0.9445132313668366,0.9383794610342318
slide,0.05,2000,adam,8.0,0.01,0.01,0.9002,0.5952,0.9917,0.9868778829813061,0.9840810876426317
slide,0.05,2000,adam,9.0,0.01,0.01,0.9009,0.6063,0.9941,0.9814700169944162,0.9779351784413693
hinge,0.05,2000,adam,8.0,0.01,0.01,0.9006,0.5964,0.9944,0.9886076717649915,0.9856822044185481
hinge,0.05,2000,adam,9.0,0.01,0.01,0.9031,0.6593,0.985,0.9473355183296918,0.941324350570527
slide,0.05,2000,adam,9.0,0.01,0.01,0.9002,0.5952,0.9917,0.9868778829813061,0.9840810876426317
slide,0.05,2000,adam,10.0,0.01,0.01,0.9006,0.5981,0.9967,0.9851359553289634,0.9822918184025249
hinge,0.05,2000,adam,9.0,0.01,0.01,0.9006,0.5952,0.9951,0.9891781985918912,0.986352269968439
hinge,0.05,2000,adam,10.0,0.01,0.01,0.9038,0.6553,0.9851,0.9491866957999516,0.943102694828842
slide,0.05,2000,adam,10.0,0.01,0.01,0.9002,0.5952,0.9917,0.9868778829813061,0.9840810876426317
slide,0.05,2000,adam,50.0,0.01,0.01,0.8994,0.5932,0.9942,0.9854212187424132,0.982722748239864
hinge,0.05,2000,adam,10.0,0.01,0.01,0.9002,0.5924,0.995,0.9902282107307598,0.9874204904102937
hinge,0.05,2000,adam,50.0,0.01,0.01,0.8991,0.6142,0.9921,0.9735433357611071,0.9696831755280408
slide,0.05,2000,adam,50.0,0.01,0.01,0.9002,0.5955,0.9919,0.9870235494051953,0.9841660597232338
slide,0.05,2000,adam,70.0,0.01,0.01,0.9002,0.6019,0.9945,0.9820769604272882,0.9791102209274096
hinge,0.05,2000,adam,50.0,0.01,0.01,0.8967,0.5612,0.9931,0.9896212672978879,0.9871012381646032
hinge,0.05,2000,adam,70.0,0.01,0.01,0.899,0.6101,0.9936,0.9766023306627822,0.9729133284777859
slide,0.05,2000,adam,70.0,0.01,0.01,0.9002,0.5955,0.9916,0.9870235494051953,0.9841660597232338
slide,0.05,2000,adam,80.0,0.01,0.01,0.8999,0.5963,0.9979,0.9854333576110706,0.9827154649186696
hinge,0.05,2000,adam,70.0,0.01,0.01,0.8937,0.5393,0.9906,0.9907259043457151,0.9892255401796554
hinge,0.05,2000,adam,80.0,0.01,0.01,0.8991,0.6104,0.9939,0.9758436513716922,0.9725345957756737
slide,0.05,2000,adam,80.0,0.01,0.01,0.9002,0.5955,0.9916,0.9870235494051953,0.9841660597232338
slide,0.05,2000,adam,90.0,0.01,0.01,0.8997,0.5971,0.9958,0.983406166545278,0.9807028404952659
hinge,0.05,2000,adam,80.0,0.01,0.01,0.8914,0.5241,0.9896,0.993135469774217,0.9920162660840011
slide,0.05,2000,adam,90.0,0.01,0.01,0.9002,0.5955,0.9916,0.9870235494051953,0.9841660597232338
hinge,0.05,2000,adam,90.0,0.01,0.01,0.899,0.6097,0.985,0.9753216800194222,0.9719288662296672
hinge,0.05,2000,adam,90.0,0.01,0.01,0.8904,0.5162,0.9907,0.9957574654042243,0.9948543335761107
slide,0.05,2000,adam,100.0,0.01,0.01,0.8995,0.5904,0.9951,0.9876122845350813,0.9850436999271668
slide,0.05,2000,adam,100.0,0.01,0.01,0.9002,0.5955,0.9916,0.9870235494051953,0.9841660597232338
hinge,0.05,2000,adam,100.0,0.01,0.01,0.8994,0.608,0.9932,0.97784656470017,0.9742449623695073
slide,0.05,2000,adam,150.0,0.01,0.01,0.8988,0.5888,0.9942,0.9875394513231367,0.9848130614226753
hinge,0.05,2000,adam,100.0,0.01,0.01,0.8893,0.5099,0.9935,0.9972869628550619,0.9966351056081574
hinge,0.05,2000,adam,150.0,0.01,0.01,0.8997,0.6075,0.9936,0.9804624908958485,0.9771558630735616
slide,0.05,2000,adam,150.0,0.01,0.01,0.9002,0.5967,0.9913,0.9868657441126486,0.9839220684632192
slide,0.05,2000,adam,200.0,0.01,0.01,0.8992,0.5933,0.9965,0.986556202961884,0.9837363437727604
hinge,0.05,2000,adam,150.0,0.01,0.01,0.8875,0.5,1.0,1.0,1.0
hinge,0.05,2000,adam,200.0,0.01,0.01,0.8992,0.6065,0.994,0.9799344501092498,0.9764760864287448
slide,0.05,2000,adam,200.0,0.01,0.01,0.9002,0.5967,0.9913,0.9867868414663753,0.9838613741199319
slide,0.05,2000,adam,250.0,0.01,0.01,0.9009,0.6013,0.9973,0.9849963583394028,0.981869385773246
hinge,0.05,2000,adam,200.0,0.01,0.01,0.8875,0.5,1.0,1.0,1.0
hinge,0.05,2000,adam,250.0,0.01,0.01,0.8989,0.6059,0.9931,0.9796795338674436,0.9766423889293518
slide,0.05,2000,adam,250.0,0.01,0.01,0.9005,0.5985,0.9908,0.9865440640932266,0.9836234522942462
slide,0.05,2000,adam,300.0,0.01,0.01,0.8999,0.5911,0.9989,0.9899186695799952,0.9871194464675893
hinge,0.05,2000,adam,250.0,0.01,0.01,0.8875,0.5,1.0,1.0,1.0
hinge,0.05,2000,adam,300.0,0.01,0.01,0.8989,0.6018,0.9918,0.9827263899004611,0.9791697013838311
slide,0.05,2000,adam,300.0,0.01,0.01,0.9007,0.5988,0.9909,0.9865440640932266,0.9835931051226026
slide,0.05,2000,adam,500.0,0.01,0.01,0.9,0.5984,0.9959,0.9855729546006312,0.9825552318523914
hinge,0.05,2000,adam,300.0,0.01,0.01,0.8875,0.5,1.0,1.0,1.0
hinge,0.05,2000,adam,500.0,0.01,0.01,0.8988,0.5978,0.994,0.9848628307841709,0.9815549890750183
slide,0.05,2000,adam,500.0,0.01,0.01,0.9006,0.5995,0.9902,0.9858460791454235,0.9829606700655499
slide,0.05,2000,adam,700.0,0.01,0.01,0.8996,0.5935,0.9965,0.988595532896334,0.9856858460791454
hinge,0.05,2000,adam,500.0,0.01,0.01,0.8875,0.5,1.0,1.0,1.0
hinge,0.05,2000,adam,700.0,0.01,0.01,0.8993,0.5945,0.9966,0.9896334061665452,0.9860378732702111
slide,0.05,2000,adam,700.0,0.01,0.01,0.9011,0.6024,0.9894,0.9851784413692644,0.9821522214129642
slide,0.05,2000,adam,1000.0,0.01,0.01,0.9012,0.5994,0.9965,0.986707938820102,0.9838006797766449
hinge,0.05,2000,adam,700.0,0.01,0.01,0.8875,0.5,1.0,1.0,1.0
hinge,0.05,2000,adam,1000.0,0.01,0.01,0.8991,0.5949,0.9966,0.9893906287933963,0.9861204175770818
slide,0.05,2000,adam,0.0,0.01,0.05,0.9084,0.7285,0.9719,0.906300072833212,0.8971558630735615
slide,0.05,2000,adam,1000.0,0.01,0.01,0.9011,0.6071,0.9876,0.982471473658655,0.9794379703811605
hinge,0.05,2000,adam,0.0,0.01,0.05,0.9084,0.7285,0.9719,0.906300072833212,0.8971558630735615
hinge,0.05,2000,adam,1000.0,0.01,0.01,0.8875,0.5,1.0,1.0,1.0
slide,0.05,2000,adam,0.0,0.01,0.05,0.9069,0.6539,0.9816,0.9550133527555231,0.951570769604273
slide,0.05,2000,adam,0.01,0.01,0.05,0.9083,0.7254,0.9721,0.908363680504977,0.8992109735372664
hinge,0.05,2000,adam,0.0,0.01,0.05,0.9069,0.6539,0.9816,0.9550133527555231,0.951570769604273
hinge,0.05,2000,adam,0.01,0.01,0.05,0.9091,0.7301,0.9711,0.9066156834183055,0.8968657441126487
slide,0.05,2000,adam,0.01,0.01,0.05,0.9067,0.6529,0.982,0.9559237679048312,0.9523379461034231
slide,0.05,2000,adam,0.1,0.01,0.05,0.9107,0.7247,0.9746,0.9129825200291333,0.9040349599417336
hinge,0.05,2000,adam,0.01,0.01,0.05,0.9068,0.6537,0.9817,0.9551043942704539,0.9516436028162175
hinge,0.05,2000,adam,0.1,0.01,0.05,0.9087,0.7278,0.976,0.9083029861616898,0.8988722991017237
slide,0.05,2000,adam,0.1,0.01,0.05,0.9056,0.6388,0.9845,0.9652039329934451,0.9621218742413208
slide,0.05,2000,adam,0.2,0.01,0.05,0.9087,0.7108,0.9763,0.9189548434085942,0.9101857246904587
hinge,0.05,2000,adam,0.1,0.01,0.05,0.9067,0.6529,0.982,0.9559237679048312,0.9523379461034231
hinge,0.05,2000,adam,0.2,0.01,0.05,0.9091,0.7263,0.9726,0.9094197620781744,0.9006919155134742
slide,0.05,2000,adam,0.2,0.01,0.05,0.9036,0.6202,0.9883,0.9764688031075504,0.9735931051226026
slide,0.05,2000,adam,0.5,0.01,0.05,0.9033,0.6439,0.9874,0.9575503763049283,0.9535081330420005
hinge,0.05,2000,adam,0.2,0.01,0.05,0.9069,0.6516,0.9819,0.9570526826899732,0.9536647244476815
hinge,0.05,2000,adam,0.5,0.01,0.05,0.9088,0.7191,0.9767,0.9135287691187182,0.9042753095411507
slide,0.05,2000,adam,0.5,0.01,0.05,0.9011,0.6016,0.9937,0.9866775916484584,0.9836562272396212
slide,0.05,2000,adam,1.0,0.01,0.05,0.9002,0.617,0.9907,0.9699320223355183,0.9663401310997815
hinge,0.05,2000,adam,0.5,0.01,0.05,0.9068,0.6477,0.982,0.9599720806020878,0.956665452779801
hinge,0.05,2000,adam,1.0,0.01,0.05,0.9092,0.7217,0.9687,0.9135044913814033,0.9041308570041273
slide,0.05,2000,adam,1.0,0.01,0.05,0.9006,0.5969,0.995,0.9890932265112892,0.9860184510803592
slide,0.05,2000,adam,2.0,0.01,0.05,0.8988,0.6074,0.9928,0.972869628550619,0.9698167030832727
hinge,0.05,2000,adam,1.0,0.01,0.05,0.9062,0.6425,0.9839,0.9635712551590192,0.9604442825928623
hinge,0.05,2000,adam,2.0,0.01,0.05,0.9098,0.7197,0.9744,0.9150218499635835,0.9064760864287449
slide,0.05,2000,adam,2.0,0.01,0.05,0.9006,0.596,0.9953,0.9889050740470988,0.9859638261714009
slide,0.05,2000,adam,3.0,0.01,0.05,0.8997,0.6086,0.9926,0.973761835396941,0.9708084486525856
hinge,0.05,2000,adam,2.0,0.01,0.05,0.9045,0.6305,0.9863,0.9696042728817674,0.9667916970138383
hinge,0.05,2000,adam,3.0,0.01,0.05,0.9096,0.713,0.9793,0.9219652828356398,0.9134498664724447
slide,0.05,2000,adam,3.0,0.01,0.05,0.9002,0.5953,0.9939,0.9882617140082544,0.9853896576839037
slide,0.05,2000,adam,4.0,0.01,0.05,0.9003,0.6064,0.9945,0.9776826899732945,0.9744549647972809
hinge,0.05,2000,adam,3.0,0.01,0.05,0.9037,0.6222,0.9877,0.9751760135955329,0.9723877154649186
hinge,0.05,2000,adam,4.0,0.01,0.05,0.9086,0.6957,0.9819,0.9296370478271425,0.9211592619567858
slide,0.05,2000,adam,4.0,0.01,0.05,0.9002,0.5952,0.9933,0.9878672007768876,0.9849866472444768
slide,0.05,2000,adam,5.0,0.01,0.05,0.9009,0.6086,0.9924,0.9782653556688516,0.9751238164603059
hinge,0.05,2000,adam,4.0,0.01,0.05,0.9029,0.6154,0.9897,0.9790118960912843,0.976218742413207
hinge,0.05,2000,adam,5.0,0.01,0.05,0.9082,0.6914,0.9828,0.9335518329691673,0.9267018693857733
slide,0.05,2000,adam,5.0,0.01,0.05,0.9002,0.5957,0.9927,0.9875697984947803,0.9846856033017722
slide,0.05,2000,adam,6.0,0.01,0.05,0.8996,0.6055,0.9946,0.9775127458120904,0.9740325321680019
hinge,0.05,2000,adam,5.0,0.01,0.05,0.9025,0.6088,0.9911,0.983169458606458,0.9803398883224084
hinge,0.05,2000,adam,6.0,0.01,0.05,0.907,0.6806,0.9805,0.9370660354454964,0.9295957756737072
slide,0.05,2000,adam,6.0,0.01,0.05,0.9002,0.5957,0.9924,0.9875697984947803,0.9846856033017722
slide,0.05,2000,adam,7.0,0.01,0.05,0.9001,0.6032,0.9909,0.9798191308570042,0.9769191551347414
hinge,0.05,2000,adam,6.0,0.01,0.05,0.9016,0.6034,0.9924,0.9857004127215344,0.9827348871085215
hinge,0.05,2000,adam,7.0,0.01,0.05,0.9051,0.6696,0.9829,0.9419883466860889,0.9358048069919884
slide,0.05,2000,adam,7.0,0.01,0.05,0.9,0.5954,0.9922,0.9874544792425346,0.984544792425346
slide,0.05,2000,adam,8.0,0.01,0.05,0.8999,0.6064,0.9937,0.9784049526584123,0.974933236222384
hinge,0.05,2000,adam,7.0,0.01,0.05,0.9011,0.5991,0.9932,0.9876729788783686,0.9847547948531197
hinge,0.05,2000,adam,8.0,0.01,0.05,0.9056,0.6695,0.9839,0.9445132313668366,0.9383794610342318
slide,0.05,2000,adam,8.0,0.01,0.05,0.9,0.5954,0.9922,0.9874544792425346,0.984544792425346
slide,0.05,2000,adam,9.0,0.01,0.05,0.8996,0.6013,0.9946,0.9808994901675163,0.9777955814518087
hinge,0.05,2000,adam,8.0,0.01,0.05,0.9006,0.5964,0.9944,0.9886076717649915,0.9856822044185481
hinge,0.05,2000,adam,9.0,0.01,0.05,0.9031,0.6593,0.985,0.9473355183296918,0.941324350570527
slide,0.05,2000,adam,9.0,0.01,0.05,0.9,0.5954,0.9921,0.9874544792425346,0.984544792425346
slide,0.05,2000,adam,10.0,0.01,0.05,0.8997,0.6016,0.996,0.9793821315853362,0.9760949259529011
hinge,0.05,2000,adam,9.0,0.01,0.05,0.9006,0.5952,0.9951,0.9891781985918912,0.986352269968439
hinge,0.05,2000,adam,10.0,0.01,0.05,0.9038,0.6553,0.9851,0.9491866957999516,0.943102694828842
slide,0.05,2000,adam,10.0,0.01,0.05,0.9001,0.5957,0.992,0.9873512988589462,0.9844634620053412
slide,0.05,2000,adam,50.0,0.01,0.05,0.9007,0.5977,0.9967,0.9856154406409324,0.9828162175285263
hinge,0.05,2000,adam,10.0,0.01,0.05,0.9002,0.5924,0.995,0.9902282107307598,0.9874204904102937
hinge,0.05,2000,adam,50.0,0.01,0.05,0.8991,0.6142,0.9921,0.9735433357611071,0.9696831755280408
slide,0.05,2000,adam,50.0,0.01,0.05,0.9002,0.5952,0.9917,0.9868778829813061,0.9840810876426317
slide,0.05,2000,adam,70.0,0.01,0.05,0.899,0.5904,0.9938,0.9856943432872056,0.9829084729303229
hinge,0.05,2000,adam,50.0,0.01,0.05,0.8967,0.5612,0.9931,0.9896212672978879,0.9871012381646032
hinge,0.05,2000,adam,70.0,0.01,0.05,0.899,0.6101,0.9936,0.9766023306627822,0.9729133284777859
slide,0.05,2000,adam,70.0,0.01,0.05,0.9001,0.5952,0.9919,0.9869325078902647,0.9841053653799466
slide,0.05,2000,adam,80.0,0.01,0.05,0.8999,0.5991,0.9934,0.9824654042243263,0.9794488953629521
hinge,0.05,2000,adam,70.0,0.01,0.05,0.8937,0.5393,0.9906,0.9907259043457151,0.9892255401796554
slide,0.05,2000,adam,80.0,0.01,0.05,0.9001,0.5952,0.9919,0.9869325078902647,0.9841053653799466
hinge,0.05,2000,adam,80.0,0.01,0.05,0.8991,0.6104,0.9939,0.9758436513716922,0.9725345957756737
hinge,0.05,2000,adam,80.0,0.01,0.05,0.8914,0.5241,0.9896,0.993135469774217,0.9920162660840011
slide,0.05,2000,adam,90.0,0.01,0.05,0.8999,0.5958,0.9944,0.985299830055839,0.9824447681476086
slide,0.05,2000,adam,90.0,0.01,0.05,0.9001,0.5952,0.9919,0.9869325078902647,0.9841053653799466
hinge,0.05,2000,adam,90.0,0.01,0.05,0.899,0.6097,0.985,0.9753216800194222,0.9719288662296672
hinge,0.05,2000,adam,90.0,0.01,0.05,0.8904,0.5162,0.9907,0.9957574654042243,0.9948543335761107
slide,0.05,2000,adam,100.0,0.01,0.05,0.8993,0.5896,0.9954,0.9872906045156593,0.9847098810390872
slide,0.05,2000,adam,100.0,0.01,0.05,0.9001,0.5952,0.9919,0.9869325078902647,0.9841053653799466
hinge,0.05,2000,adam,100.0,0.01,0.05,0.8893,0.5099,0.9935,0.9972869628550619,0.9966351056081574
hinge,0.05,2000,adam,100.0,0.01,0.05,0.8994,0.608,0.9932,0.97784656470017,0.9742449623695073
slide,0.05,2000,adam,150.0,0.01,0.05,0.9002,0.5955,0.9919,0.9870235494051953,0.9841660597232338
slide,0.05,2000,adam,150.0,0.01,0.05,0.8994,0.596,0.9955,0.9840009711094926,0.98121510075261
hinge,0.05,2000,adam,150.0,0.01,0.05,0.8875,0.5,1.0,1.0,1.0
hinge,0.05,2000,adam,150.0,0.01,0.05,0.8997,0.6075,0.9936,0.9804624908958485,0.9771558630735616
slide,0.05,2000,adam,200.0,0.01,0.05,0.9002,0.5955,0.9919,0.9870235494051953,0.9841660597232338
slide,0.05,2000,adam,200.0,0.01,0.05,0.8994,0.5943,0.9961,0.9852634134498665,0.9820551104637048
hinge,0.05,2000,adam,200.0,0.01,0.05,0.8992,0.6065,0.994,0.9799344501092498,0.9764760864287448
hinge,0.05,2000,adam,200.0,0.01,0.05,0.8875,0.5,1.0,1.0,1.0
slide,0.05,2000,adam,250.0,0.01,0.05,0.8994,0.5932,0.9942,0.9854212187424132,0.982722748239864
slide,0.05,2000,adam,250.0,0.01,0.05,0.9002,0.5955,0.9919,0.9870235494051953,0.9841660597232338
hinge,0.05,2000,adam,250.0,0.01,0.05,0.8875,0.5,1.0,1.0,1.0
hinge,0.05,2000,adam,250.0,0.01,0.05,0.8989,0.6059,0.9931,0.9796795338674436,0.9766423889293518
slide,0.05,2000,adam,300.0,0.01,0.05,0.9002,0.5955,0.9919,0.9870235494051953,0.9841660597232338
slide,0.05,2000,adam,300.0,0.01,0.05,0.8992,0.5865,0.9967,0.9895423646516145,0.9867892692401068
hinge,0.05,2000,adam,300.0,0.01,0.05,0.8875,0.5,1.0,1.0,1.0
hinge,0.05,2000,adam,300.0,0.01,0.05,0.8989,0.6018,0.9918,0.9827263899004611,0.9791697013838311
slide,0.05,2000,adam,500.0,0.01,0.05,0.8995,0.5904,0.9951,0.9876122845350813,0.9850436999271668
slide,0.05,2000,adam,500.0,0.01,0.05,0.9002,0.5955,0.9916,0.9870235494051953,0.9841660597232338
hinge,0.05,2000,adam,500.0,0.01,0.05,0.8988,0.5978,0.994,0.9848628307841709,0.9815549890750183
hinge,0.05,2000,adam,500.0,0.01,0.05,0.8875,0.5,1.0,1.0,1.0
slide,0.05,2000,adam,700.0,0.01,0.05,0.9002,0.5962,0.9914,0.987053896576839,0.9841199320223356
slide,0.05,2000,adam,700.0,0.01,0.05,0.8997,0.5938,0.9971,0.9861131342558873,0.9831561058509347
hinge,0.05,2000,adam,700.0,0.01,0.05,0.8993,0.5945,0.9966,0.9896334061665452,0.9860378732702111
hinge,0.05,2000,adam,700.0,0.01,0.05,0.8875,0.5,1.0,1.0,1.0
slide,0.05,2000,adam,1000.0,0.01,0.05,0.8992,0.5933,0.9965,0.986556202961884,0.9837363437727604
slide,0.05,2000,adam,1000.0,0.01,0.05,0.9002,0.5967,0.9913,0.9867868414663753,0.9838613741199319
hinge,0.05,2000,adam,1000.0,0.01,0.05,0.8875,0.5,1.0,1.0,1.0
hinge,0.05,2000,adam,1000.0,0.01,0.05,0.8991,0.5949,0.9966,0.9893906287933963,0.9861204175770818
slide,0.05,2000,adam,0.0,0.01,0.1,0.9084,0.7285,0.9719,0.906300072833212,0.8971558630735615
slide,0.05,2000,adam,0.0,0.01,0.1,0.9069,0.6539,0.9816,0.9550133527555231,0.951570769604273
hinge,0.05,2000,adam,0.0,0.01,0.1,0.9069,0.6539,0.9816,0.9550133527555231,0.951570769604273
hinge,0.05,2000,adam,0.0,0.01,0.1,0.9084,0.7285,0.9719,0.906300072833212,0.8971558630735615
slide,0.05,2000,adam,0.01,0.01,0.1,0.9068,0.6534,0.982,0.955753823743627,0.9521704297159505
slide,0.05,2000,adam,0.01,0.01,0.1,0.9093,0.7281,0.9732,0.9089888322408352,0.9000837581937364
hinge,0.05,2000,adam,0.01,0.01,0.1,0.9068,0.6537,0.9817,0.9551043942704539,0.9516436028162175
hinge,0.05,2000,adam,0.01,0.01,0.1,0.9091,0.7301,0.9711,0.9066156834183055,0.8968657441126487
slide,0.05,2000,adam,0.1,0.01,0.1,0.9064,0.6442,0.9834,0.9626183539694102,0.9594586064578782
slide,0.05,2000,adam,0.1,0.01,0.1,0.9077,0.7213,0.9762,0.9109431900946833,0.9010840009711096
hinge,0.05,2000,adam,0.1,0.01,0.1,0.9067,0.6529,0.982,0.9559237679048312,0.9523379461034231
hinge,0.05,2000,adam,0.1,0.01,0.1,0.9087,0.7278,0.976,0.9083029861616898,0.8988722991017237
slide,0.05,2000,adam,0.2,0.01,0.1,0.9053,0.6347,0.9855,0.9680322893906288,0.965166302500607
slide,0.05,2000,adam,0.2,0.01,0.1,0.9087,0.7127,0.9748,0.917662053896577,0.9088892935178442
hinge,0.05,2000,adam,0.2,0.01,0.1,0.9069,0.6516,0.9819,0.9570526826899732,0.9536647244476815
hinge,0.05,2000,adam,0.2,0.01,0.1,0.9091,0.7263,0.9726,0.9094197620781744,0.9006919155134742
slide,0.05,2000,adam,0.5,0.01,0.1,0.9036,0.6184,0.991,0.9791332847778587,0.9761252731245449
slide,0.05,2000,adam,0.5,0.01,0.1,0.9071,0.6783,0.9831,0.9414967225054626,0.9347778587035689
hinge,0.05,2000,adam,0.5,0.01,0.1,0.9068,0.6477,0.982,0.9599720806020878,0.956665452779801
hinge,0.05,2000,adam,0.5,0.01,0.1,0.9088,0.7191,0.9767,0.9135287691187182,0.9042753095411507
slide,0.05,2000,adam,1.0,0.01,0.1,0.9011,0.6016,0.9937,0.9866775916484584,0.9836562272396212
slide,0.05,2000,adam,1.0,0.01,0.1,0.9012,0.6295,0.9906,0.9630614226754066,0.9593869871327992
hinge,0.05,2000,adam,1.0,0.01,0.1,0.9062,0.6425,0.9839,0.9635712551590192,0.9604442825928623
hinge,0.05,2000,adam,1.0,0.01,0.1,0.9092,0.7217,0.9687,0.9135044913814033,0.9041308570041273
slide,0.05,2000,adam,2.0,0.01,0.1,0.9006,0.5969,0.995,0.9890932265112892,0.9860184510803592
slide,0.05,2000,adam,2.0,0.01,0.1,0.9002,0.6165,0.9908,0.970460063122117,0.9670721048798252
hinge,0.05,2000,adam,2.0,0.01,0.1,0.9045,0.6305,0.9863,0.9696042728817674,0.9667916970138383
hinge,0.05,2000,adam,2.0,0.01,0.1,0.9098,0.7197,0.9744,0.9150218499635835,0.9064760864287449
slide,0.05,2000,adam,3.0,0.01,0.1,0.9007,0.5965,0.9955,0.9890689487739743,0.9860427288176743
slide,0.05,2000,adam,3.0,0.01,0.1,0.9014,0.6167,0.993,0.9723294488953629,0.9690956542850206
hinge,0.05,2000,adam,3.0,0.01,0.1,0.9037,0.6222,0.9877,0.9751760135955329,0.9723877154649186
hinge,0.05,2000,adam,3.0,0.01,0.1,0.9096,0.713,0.9793,0.9219652828356398,0.9134498664724447
slide,0.05,2000,adam,4.0,0.01,0.1,0.9006,0.596,0.9953,0.9889050740470988,0.9859638261714009
slide,0.05,2000,adam,4.0,0.01,0.1,0.8989,0.608,0.9931,0.9730092255401798,0.9700364166059723
hinge,0.05,2000,adam,4.0,0.01,0.1,0.9029,0.6154,0.9897,0.9790118960912843,0.976218742413207
hinge,0.05,2000,adam,4.0,0.01,0.1,0.9086,0.6957,0.9819,0.9296370478271425,0.9211592619567858
slide,0.05,2000,adam,5.0,0.01,0.1,0.8999,0.6107,0.9913,0.9735554746297644,0.9702694828841953
slide,0.05,2000,adam,5.0,0.01,0.1,0.9005,0.5957,0.9945,0.9888383102694829,0.98592983733916
hinge,0.05,2000,adam,5.0,0.01,0.1,0.9025,0.6088,0.9911,0.983169458606458,0.9803398883224084
hinge,0.05,2000,adam,5.0,0.01,0.1,0.9082,0.6914,0.9828,0.9335518329691673,0.9267018693857733
slide,0.05,2000,adam,6.0,0.01,0.1,0.8999,0.6097,0.9928,0.9735311968924496,0.9706093712066035
slide,0.05,2000,adam,6.0,0.01,0.1,0.9002,0.5953,0.9939,0.9882617140082544,0.9853896576839037
hinge,0.05,2000,adam,6.0,0.01,0.1,0.907,0.6806,0.9805,0.9370660354454964,0.9295957756737072
hinge,0.05,2000,adam,6.0,0.01,0.1,0.9016,0.6034,0.9924,0.9857004127215344,0.9827348871085215
slide,0.05,2000,adam,7.0,0.01,0.1,0.8987,0.6053,0.9922,0.9767540665210004,0.9733612527312455
slide,0.05,2000,adam,7.0,0.01,0.1,0.9002,0.5953,0.9935,0.9880432143724205,0.9852002913328478
hinge,0.05,2000,adam,7.0,0.01,0.1,0.9051,0.6696,0.9829,0.9419883466860889,0.9358048069919884
hinge,0.05,2000,adam,7.0,0.01,0.1,0.9011,0.5991,0.9932,0.9876729788783686,0.9847547948531197
slide,0.05,2000,adam,8.0,0.01,0.1,0.9003,0.6064,0.9945,0.9776826899732945,0.9744549647972809
slide,0.05,2000,adam,8.0,0.01,0.1,0.9002,0.5952,0.9933,0.9878672007768876,0.9849866472444768
hinge,0.05,2000,adam,8.0,0.01,0.1,0.9006,0.5964,0.9944,0.9886076717649915,0.9856822044185481
hinge,0.05,2000,adam,8.0,0.01,0.1,0.9056,0.6695,0.9839,0.9445132313668366,0.9383794610342318
slide,0.05,2000,adam,9.0,0.01,0.1,0.9002,0.5955,0.993,0.9877943675649429,0.9849162418062636
slide,0.05,2000,adam,9.0,0.01,0.1,0.9009,0.6063,0.9951,0.9791272153435299,0.9762320951687302
hinge,0.05,2000,adam,9.0,0.01,0.1,0.9006,0.5952,0.9951,0.9891781985918912,0.986352269968439
hinge,0.05,2000,adam,9.0,0.01,0.1,0.9031,0.6593,0.985,0.9473355183296918,0.941324350570527
slide,0.05,2000,adam,10.0,0.01,0.1,0.9002,0.5957,0.9927,0.9875697984947803,0.9846856033017722
slide,0.05,2000,adam,10.0,0.01,0.1,0.9009,0.6086,0.9924,0.9782653556688516,0.9751238164603059
hinge,0.05,2000,adam,10.0,0.01,0.1,0.9002,0.5924,0.995,0.9902282107307598,0.9874204904102937
hinge,0.05,2000,adam,10.0,0.01,0.1,0.9038,0.6553,0.9851,0.9491866957999516,0.943102694828842
slide,0.05,2000,adam,50.0,0.01,0.1,0.9002,0.5955,0.9919,0.9870235494051953,0.9841660597232338
slide,0.05,2000,adam,50.0,0.01,0.1,0.8996,0.5996,0.9907,0.9811726147123089,0.9783806749210974
hinge,0.05,2000,adam,50.0,0.01,0.1,0.8967,0.5612,0.9931,0.9896212672978879,0.9871012381646032
hinge,0.05,2000,adam,50.0,0.01,0.1,0.8991,0.6142,0.9921,0.9735433357611071,0.9696831755280408
slide,0.05,2000,adam,70.0,0.01,0.1,0.9002,0.5952,0.9917,0.9868778829813061,0.9840810876426317
slide,0.05,2000,adam,70.0,0.01,0.1,0.8994,0.5995,0.9942,0.9821073075989318,0.9789220684632193
hinge,0.05,2000,adam,70.0,0.01,0.1,0.8937,0.5393,0.9906,0.9907259043457151,0.9892255401796554
hinge,0.05,2000,adam,70.0,0.01,0.1,0.899,0.6101,0.9936,0.9766023306627822,0.9729133284777859
slide,0.05,2000,adam,80.0,0.01,0.1,0.9002,0.5952,0.9917,0.9868778829813061,0.9840810876426317
slide,0.05,2000,adam,80.0,0.01,0.1,0.8999,0.5949,0.9945,0.9858278708424375,0.9831063364894391
hinge,0.05,2000,adam,80.0,0.01,0.1,0.8914,0.5241,0.9896,0.993135469774217,0.9920162660840011
hinge,0.05,2000,adam,80.0,0.01,0.1,0.8991,0.6104,0.9939,0.9758436513716922,0.9725345957756737
slide,0.05,2000,adam,90.0,0.01,0.1,0.9002,0.5952,0.9917,0.9868778829813061,0.9840810876426317
slide,0.05,2000,adam,90.0,0.01,0.1,0.9005,0.6032,0.9945,0.9821194464675893,0.9786586550133527
hinge,0.05,2000,adam,90.0,0.01,0.1,0.8904,0.5162,0.9907,0.9957574654042243,0.9948543335761107
hinge,0.05,2000,adam,90.0,0.01,0.1,0.899,0.6097,0.985,0.9753216800194222,0.9719288662296672
slide,0.05,2000,adam,100.0,0.01,0.1,0.9002,0.5952,0.9917,0.9868778829813061,0.9840810876426317
slide,0.05,2000,adam,100.0,0.01,0.1,0.9007,0.5977,0.9967,0.9856154406409324,0.9828162175285263
hinge,0.05,2000,adam,100.0,0.01,0.1,0.8893,0.5099,0.9935,0.9972869628550619,0.9966351056081574
hinge,0.05,2000,adam,100.0,0.01,0.1,0.8994,0.608,0.9932,0.97784656470017,0.9742449623695073
slide,0.05,2000,adam,150.0,0.01,0.1,0.9001,0.5952,0.9919,0.9869325078902647,0.9841053653799466
slide,0.05,2000,adam,150.0,0.01,0.1,0.8993,0.5957,0.9924,0.9831815974751154,0.9805365379946589
hinge,0.05,2000,adam,150.0,0.01,0.1,0.8875,0.5,1.0,1.0,1.0
hinge,0.05,2000,adam,150.0,0.01,0.1,0.8997,0.6075,0.9936,0.9804624908958485,0.9771558630735616
slide,0.05,2000,adam,200.0,0.01,0.1,0.9001,0.5952,0.9919,0.9869325078902647,0.9841053653799466
slide,0.05,2000,adam,200.0,0.01,0.1,0.8993,0.5896,0.9954,0.9872906045156593,0.9847098810390872
hinge,0.05,2000,adam,200.0,0.01,0.1,0.8875,0.5,1.0,1.0,1.0
hinge,0.05,2000,adam,200.0,0.01,0.1,0.8992,0.6065,0.994,0.9799344501092498,0.9764760864287448
slide,0.05,2000,adam,250.0,0.01,0.1,0.9001,0.5952,0.9919,0.9869325078902647,0.9841053653799466
slide,0.05,2000,adam,250.0,0.01,0.1,0.8991,0.5854,0.9961,0.9888625880067978,0.9862454479242535
hinge,0.05,2000,adam,250.0,0.01,0.1,0.8875,0.5,1.0,1.0,1.0
hinge,0.05,2000,adam,250.0,0.01,0.1,0.8989,0.6059,0.9931,0.9796795338674436,0.9766423889293518
slide,0.05,2000,adam,300.0,0.01,0.1,0.9002,0.5955,0.9919,0.9870235494051953,0.9841660597232338
slide,0.05,2000,adam,300.0,0.01,0.1,0.8994,0.596,0.9955,0.9840009711094926,0.98121510075261
hinge,0.05,2000,adam,300.0,0.01,0.1,0.8875,0.5,1.0,1.0,1.0
hinge,0.05,2000,adam,300.0,0.01,0.1,0.8989,0.6018,0.9918,0.9827263899004611,0.9791697013838311
slide,0.05,2000,adam,500.0,0.01,0.1,0.9002,0.5955,0.9919,0.9870235494051953,0.9841660597232338
slide,0.05,2000,adam,500.0,0.01,0.1,0.8994,0.5932,0.9942,0.9854212187424132,0.982722748239864
hinge,0.05,2000,adam,500.0,0.01,0.1,0.8875,0.5,1.0,1.0,1.0
hinge,0.05,2000,adam,500.0,0.01,0.1,0.8988,0.5978,0.994,0.9848628307841709,0.9815549890750183
slide,0.05,2000,adam,700.0,0.01,0.1,0.9002,0.5955,0.9917,0.9870235494051953,0.9841660597232338
slide,0.05,2000,adam,700.0,0.01,0.1,0.8992,0.5936,0.9949,0.9857186210245205,0.9829461034231609
hinge,0.05,2000,adam,700.0,0.01,0.1,0.8875,0.5,1.0,1.0,1.0
hinge,0.05,2000,adam,700.0,0.01,0.1,0.8993,0.5945,0.9966,0.9896334061665452,0.9860378732702111
slide,0.05,2000,adam,1000.0,0.01,0.1,0.9002,0.5955,0.9916,0.9870235494051953,0.9841660597232338
slide,0.05,2000,adam,1000.0,0.01,0.1,0.8995,0.5904,0.9951,0.9876122845350813,0.9850436999271668
hinge,0.05,2000,adam,1000.0,0.01,0.1,0.8875,0.5,1.0,1.0,1.0
slide,0.05,2000,adam,0.0,0.01,0.2,0.9069,0.6539,0.9816,0.9550133527555231,0.951570769604273
hinge,0.05,2000,adam,1000.0,0.01,0.1,0.8991,0.5949,0.9966,0.9893906287933963,0.9861204175770818
slide,0.05,2000,adam,0.0,0.01,0.2,0.9084,0.7285,0.9719,0.906300072833212,0.8971558630735615
hinge,0.05,2000,adam,0.0,0.01,0.2,0.9069,0.6539,0.9816,0.9550133527555231,0.951570769604273
hinge,0.05,2000,adam,0.0,0.01,0.2,0.9084,0.7285,0.9719,0.906300072833212,0.8971558630735615
slide,0.05,2000,adam,0.01,0.01,0.2,0.9069,0.6535,0.9815,0.9553593105122603,0.9518900218499637
slide,0.05,2000,adam,0.01,0.01,0.2,0.91,0.7299,0.9732,0.9087824714736586,0.8992291818402526
hinge,0.05,2000,adam,0.01,0.01,0.2,0.9068,0.6537,0.9817,0.9551043942704539,0.9516436028162175
hinge,0.05,2000,adam,0.01,0.01,0.2,0.9091,0.7301,0.9711,0.9066156834183055,0.8968657441126487
slide,0.05,2000,adam,0.1,0.01,0.2,0.9068,0.6483,0.9819,0.9595047341587764,0.9562430201505221
hinge,0.05,2000,adam,0.1,0.01,0.2,0.9067,0.6529,0.982,0.9559237679048312,0.9523379461034231
slide,0.05,2000,adam,0.1,0.01,0.2,0.9108,0.7344,0.9734,0.9092255401796553,0.8992825928623452
slide,0.05,2000,adam,0.2,0.01,0.2,0.9064,0.6442,0.9834,0.9626183539694102,0.9594586064578782
hinge,0.05,2000,adam,0.1,0.01,0.2,0.9087,0.7278,0.976,0.9083029861616898,0.8988722991017237
hinge,0.05,2000,adam,0.2,0.01,0.2,0.9069,0.6516,0.9819,0.9570526826899732,0.9536647244476815
slide,0.05,2000,adam,0.2,0.01,0.2,0.9093,0.7203,0.9765,0.9128672007768877,0.9034923525127457
slide,0.05,2000,adam,0.5,0.01,0.2,0.9047,0.6301,0.9863,0.9706239378489925,0.9676171400825443
hinge,0.05,2000,adam,0.2,0.01,0.2,0.9091,0.7263,0.9726,0.9094197620781744,0.9006919155134742
hinge,0.05,2000,adam,0.5,0.01,0.2,0.9068,0.6477,0.982,0.9599720806020878,0.956665452779801
slide,0.05,2000,adam,0.5,0.01,0.2,0.9073,0.7013,0.978,0.9245205146880312,0.9168560330177228
slide,0.05,2000,adam,1.0,0.01,0.2,0.9036,0.6184,0.991,0.9791332847778587,0.9761252731245449
hinge,0.05,2000,adam,0.5,0.01,0.2,0.9088,0.7191,0.9767,0.9135287691187182,0.9042753095411507
hinge,0.05,2000,adam,1.0,0.01,0.2,0.9062,0.6425,0.9839,0.9635712551590192,0.9604442825928623
slide,0.05,2000,adam,1.0,0.01,0.2,0.9057,0.6648,0.9843,0.945393299344501,0.9402694828841951
slide,0.05,2000,adam,2.0,0.01,0.2,0.9011,0.6016,0.9937,0.9866775916484584,0.9836562272396212
hinge,0.05,2000,adam,1.0,0.01,0.2,0.9092,0.7217,0.9687,0.9135044913814033,0.9041308570041273
hinge,0.05,2000,adam,2.0,0.01,0.2,0.9045,0.6305,0.9863,0.9696042728817674,0.9667916970138383
slide,0.05,2000,adam,2.0,0.01,0.2,0.9009,0.6279,0.991,0.9631585336246662,0.9596467589220684
slide,0.05,2000,adam,3.0,0.01,0.2,0.9006,0.5983,0.9948,0.9883224083515416,0.9852015052197135
hinge,0.05,2000,adam,2.0,0.01,0.2,0.9098,0.7197,0.9744,0.9150218499635835,0.9064760864287449
hinge,0.05,2000,adam,3.0,0.01,0.2,0.9037,0.6222,0.9877,0.9751760135955329,0.9723877154649186
slide,0.05,2000,adam,3.0,0.01,0.2,0.9013,0.6227,0.992,0.9676984705025491,0.9640956542850206
slide,0.05,2000,adam,4.0,0.01,0.2,0.9006,0.5969,0.995,0.9890932265112892,0.9860184510803592
hinge,0.05,2000,adam,3.0,0.01,0.2,0.9096,0.713,0.9793,0.9219652828356398,0.9134498664724447
hinge,0.05,2000,adam,4.0,0.01,0.2,0.9029,0.6154,0.9897,0.9790118960912843,0.976218742413207
slide,0.05,2000,adam,4.0,0.01,0.2,0.9006,0.6174,0.991,0.9702051468803108,0.9667152221412965
slide,0.05,2000,adam,5.0,0.01,0.2,0.9007,0.5967,0.9955,0.9890446710366594,0.9859990288905074
hinge,0.05,2000,adam,4.0,0.01,0.2,0.9086,0.6957,0.9819,0.9296370478271425,0.9211592619567858
hinge,0.05,2000,adam,5.0,0.01,0.2,0.9025,0.6088,0.9911,0.983169458606458,0.9803398883224084
slide,0.05,2000,adam,5.0,0.01,0.2,0.9,0.6171,0.9907,0.9695557174071378,0.9658557902403496
slide,0.05,2000,adam,6.0,0.01,0.2,0.9007,0.5965,0.9955,0.9890689487739743,0.9860427288176743
hinge,0.05,2000,adam,6.0,0.01,0.2,0.9016,0.6034,0.9924,0.9857004127215344,0.9827348871085215
hinge,0.05,2000,adam,5.0,0.01,0.2,0.9082,0.6914,0.9828,0.9335518329691673,0.9267018693857733
slide,0.05,2000,adam,7.0,0.01,0.2,0.9007,0.5965,0.9954,0.9890689487739743,0.9860427288176743
slide,0.05,2000,adam,6.0,0.01,0.2,0.9016,0.6168,0.9928,0.9724872541879097,0.969278951201748
hinge,0.05,2000,adam,7.0,0.01,0.2,0.9011,0.5991,0.9932,0.9876729788783686,0.9847547948531197
hinge,0.05,2000,adam,6.0,0.01,0.2,0.907,0.6806,0.9805,0.9370660354454964,0.9295957756737072
slide,0.05,2000,adam,8.0,0.01,0.2,0.9006,0.596,0.9953,0.9889050740470988,0.9859638261714009
slide,0.05,2000,adam,7.0,0.01,0.2,0.9002,0.6139,0.9919,0.9715768390386016,0.9686088856518573
hinge,0.05,2000,adam,8.0,0.01,0.2,0.9006,0.5964,0.9944,0.9886076717649915,0.9856822044185481
hinge,0.05,2000,adam,7.0,0.01,0.2,0.9051,0.6696,0.9829,0.9419883466860889,0.9358048069919884
slide,0.05,2000,adam,9.0,0.01,0.2,0.9006,0.5962,0.9951,0.9887836853605244,0.9858557902403496
slide,0.05,2000,adam,8.0,0.01,0.2,0.8989,0.608,0.9931,0.9730092255401798,0.9700364166059723
hinge,0.05,2000,adam,9.0,0.01,0.2,0.9006,0.5952,0.9951,0.9891781985918912,0.986352269968439
hinge,0.05,2000,adam,8.0,0.01,0.2,0.9056,0.6695,0.9839,0.9445132313668366,0.9383794610342318
slide,0.05,2000,adam,10.0,0.01,0.2,0.9005,0.5957,0.9945,0.9888383102694829,0.98592983733916
slide,0.05,2000,adam,9.0,0.01,0.2,0.9,0.6102,0.9917,0.9739621267297887,0.9708169458606458
hinge,0.05,2000,adam,10.0,0.01,0.2,0.9002,0.5924,0.995,0.9902282107307598,0.9874204904102937
hinge,0.05,2000,adam,9.0,0.01,0.2,0.9031,0.6593,0.985,0.9473355183296918,0.941324350570527
slide,0.05,2000,adam,50.0,0.01,0.2,0.9001,0.5954,0.9919,0.9872238407380433,0.9843675649429472
slide,0.05,2000,adam,10.0,0.01,0.2,0.8999,0.6107,0.9913,0.9735554746297644,0.9702694828841953
hinge,0.05,2000,adam,50.0,0.01,0.2,0.8967,0.5612,0.9931,0.9896212672978879,0.9871012381646032
hinge,0.05,2000,adam,10.0,0.01,0.2,0.9038,0.6553,0.9851,0.9491866957999516,0.943102694828842
slide,0.05,2000,adam,70.0,0.01,0.2,0.9002,0.5955,0.9919,0.9870235494051953,0.9841660597232338
slide,0.05,2000,adam,50.0,0.01,0.2,0.8994,0.5986,0.9945,0.9809723233794612,0.978235008497208
hinge,0.05,2000,adam,70.0,0.01,0.2,0.8937,0.5393,0.9906,0.9907259043457151,0.9892255401796554
hinge,0.05,2000,adam,50.0,0.01,0.2,0.8991,0.6142,0.9921,0.9735433357611071,0.9696831755280408
slide,0.05,2000,adam,80.0,0.01,0.2,0.9002,0.5955,0.9919,0.9870235494051953,0.9841660597232338
slide,0.05,2000,adam,70.0,0.01,0.2,0.8988,0.595,0.995,0.9818584607914542,0.9795957756737073
hinge,0.05,2000,adam,80.0,0.01,0.2,0.8914,0.5241,0.9896,0.993135469774217,0.9920162660840011
hinge,0.05,2000,adam,70.0,0.01,0.2,0.899,0.6101,0.9936,0.9766023306627822,0.9729133284777859
slide,0.05,2000,adam,90.0,0.01,0.2,0.9002,0.5955,0.9919,0.9870235494051953,0.9841660597232338
slide,0.05,2000,adam,80.0,0.01,0.2,0.9005,0.603,0.9933,0.9812940033988833,0.9780262199563001
hinge,0.05,2000,adam,90.0,0.01,0.2,0.8904,0.5162,0.9907,0.9957574654042243,0.9948543335761107
hinge,0.05,2000,adam,80.0,0.01,0.2,0.8991,0.6104,0.9939,0.9758436513716922,0.9725345957756737
slide,0.05,2000,adam,100.0,0.01,0.2,0.9002,0.5955,0.9919,0.9870235494051953,0.9841660597232338
slide,0.05,2000,adam,90.0,0.01,0.2,0.8994,0.6035,0.9924,0.9804382131585336,0.9769519300801165
hinge,0.05,2000,adam,100.0,0.01,0.2,0.8893,0.5099,0.9935,0.9972869628550619,0.9966351056081574
hinge,0.05,2000,adam,90.0,0.01,0.2,0.899,0.6097,0.985,0.9753216800194222,0.9719288662296672
slide,0.05,2000,adam,150.0,0.01,0.2,0.9002,0.5952,0.9917,0.9868778829813061,0.9840810876426317
slide,0.05,2000,adam,100.0,0.01,0.2,0.8996,0.5996,0.9907,0.9811726147123089,0.9783806749210974
hinge,0.05,2000,adam,150.0,0.01,0.2,0.8875,0.5,1.0,1.0,1.0
hinge,0.05,2000,adam,100.0,0.01,0.2,0.8994,0.608,0.9932,0.97784656470017,0.9742449623695073
slide,0.05,2000,adam,200.0,0.01,0.2,0.9002,0.5952,0.9917,0.9868778829813061,0.9840810876426317
slide,0.05,2000,adam,150.0,0.01,0.2,0.8992,0.5959,0.9936,0.9830602087885408,0.9798385530468561
hinge,0.05,2000,adam,200.0,0.01,0.2,0.8875,0.5,1.0,1.0,1.0
hinge,0.05,2000,adam,150.0,0.01,0.2,0.8997,0.6075,0.9936,0.9804624908958485,0.9771558630735616
slide,0.05,2000,adam,250.0,0.01,0.2,0.9002,0.5952,0.9917,0.9868778829813061,0.9840810876426317
slide,0.05,2000,adam,200.0,0.01,0.2,0.9007,0.5977,0.9967,0.9856154406409324,0.9828162175285263
hinge,0.05,2000,adam,250.0,0.01,0.2,0.8875,0.5,1.0,1.0,1.0
hinge,0.05,2000,adam,200.0,0.01,0.2,0.8992,0.6065,0.994,0.9799344501092498,0.9764760864287448
slide,0.05,2000,adam,300.0,0.01,0.2,0.9001,0.5952,0.9919,0.9869325078902647,0.9841053653799466
slide,0.05,2000,adam,250.0,0.01,0.2,0.9001,0.6027,0.9947,0.9821983491138626,0.978843165816946
hinge,0.05,2000,adam,300.0,0.01,0.2,0.8875,0.5,1.0,1.0,1.0
hinge,0.05,2000,adam,250.0,0.01,0.2,0.8989,0.6059,0.9931,0.9796795338674436,0.9766423889293518
slide,0.05,2000,adam,500.0,0.01,0.2,0.9001,0.5952,0.9919,0.9869325078902647,0.9841053653799466
slide,0.05,2000,adam,300.0,0.01,0.2,0.8993,0.5957,0.9924,0.9831815974751154,0.9805365379946589
hinge,0.05,2000,adam,500.0,0.01,0.2,0.8875,0.5,1.0,1.0,1.0
hinge,0.05,2000,adam,300.0,0.01,0.2,0.8989,0.6018,0.9918,0.9827263899004611,0.9791697013838311
slide,0.05,2000,adam,700.0,0.01,0.2,0.9002,0.5955,0.9919,0.9870235494051953,0.9841660597232338
slide,0.05,2000,adam,500.0,0.01,0.2,0.8991,0.5854,0.9961,0.9888625880067978,0.9862454479242535
hinge,0.05,2000,adam,700.0,0.01,0.2,0.8875,0.5,1.0,1.0,1.0
hinge,0.05,2000,adam,500.0,0.01,0.2,0.8988,0.5978,0.994,0.9848628307841709,0.9815549890750183
slide,0.05,2000,adam,1000.0,0.01,0.2,0.9002,0.5955,0.9919,0.9870235494051953,0.9841660597232338
slide,0.05,2000,adam,700.0,0.01,0.2,0.8996,0.5956,0.9962,0.9832483612527313,0.980688273852877
hinge,0.05,2000,adam,1000.0,0.01,0.2,0.8875,0.5,1.0,1.0,1.0
hinge,0.05,2000,adam,700.0,0.01,0.2,0.8993,0.5945,0.9966,0.9896334061665452,0.9860378732702111
slide,0.05,2000,adam,0.0,0.01,0.01,0.9064,0.6499,0.9811,0.9567856275795096,0.953600388443797
slide,0.05,2000,adam,1000.0,0.01,0.2,0.8994,0.5932,0.9942,0.9854212187424132,0.982722748239864
hinge,0.05,2000,adam,0.0,0.01,0.01,0.9064,0.6499,0.9811,0.9567856275795096,0.953600388443797
hinge,0.05,2000,adam,1000.0,0.01,0.2,0.8991,0.5949,0.9966,0.9893906287933963,0.9861204175770818
slide,0.05,2000,adam,0.01,0.01,0.01,0.9065,0.6485,0.9812,0.9578477785870357,0.9548276280650643
slide,0.05,2000,adam,0.0,0.01,0.01,0.9065,0.7218,0.963,0.9054017965525613,0.8953702354940519
hinge,0.05,2000,adam,0.01,0.01,0.01,0.9064,0.6499,0.9811,0.9567856275795096,0.953600388443797
hinge,0.05,2000,adam,0.0,0.01,0.01,0.9065,0.7218,0.963,0.9054017965525613,0.8953702354940519
slide,0.05,2000,adam,0.1,0.01,0.01,0.9038,0.6239,0.9859,0.9733430444282594,0.9706579266812334
slide,0.05,2000,adam,0.01,0.01,0.01,0.9065,0.7213,0.9594,0.9041879096868172,0.894231609613984
hinge,0.05,2000,adam,0.1,0.01,0.01,0.9064,0.6492,0.9812,0.9572469045884923,0.9541527069677106
hinge,0.05,2000,adam,0.01,0.01,0.01,0.9058,0.7261,0.9655,0.9022760378732702,0.8922614712308813
slide,0.05,2000,adam,0.2,0.01,0.01,0.9009,0.5966,0.9949,0.9890507404709882,0.9859783928137897
slide,0.05,2000,adam,0.1,0.01,0.01,0.9058,0.7148,0.9635,0.9092498179169702,0.8997378004369992
hinge,0.05,2000,adam,0.2,0.01,0.01,0.9065,0.6478,0.9811,0.9585457635348386,0.9555353241077933
hinge,0.05,2000,adam,0.1,0.01,0.01,0.9073,0.727,0.9613,0.9050679776644817,0.8953799465889779
slide,0.05,2000,adam,0.5,0.01,0.01,0.9003,0.5942,0.9944,0.9887411993202233,0.9858727846564701
slide,0.05,2000,adam,0.2,0.01,0.01,0.9074,0.711,0.9634,0.9143177955814518,0.9057477543092985
hinge,0.05,2000,adam,0.5,0.01,0.01,0.9063,0.6439,0.9817,0.9612891478514203,0.9584680747754311
hinge,0.05,2000,adam,0.2,0.01,0.01,0.9075,0.7262,0.96,0.9057416848749696,0.8959419762078175
slide,0.05,2000,adam,1.0,0.01,0.01,0.9001,0.5945,0.9928,0.9875880067977665,0.9846722505462491
slide,0.05,2000,adam,0.5,0.01,0.01,0.9005,0.6171,0.98,0.9664906530711339,0.9631937363437728
hinge,0.05,2000,adam,1.0,0.01,0.01,0.9056,0.6383,0.9831,0.9644149065307115,0.9617467831998059
hinge,0.05,2000,adam,0.5,0.01,0.01,0.9076,0.7224,0.9597,0.9075321680019423,0.8976547705753823
slide,0.05,2000,adam,2.0,0.01,0.01,0.8999,0.5937,0.9923,0.9870235494051953,0.9841964068948773
slide,0.05,2000,adam,1.0,0.01,0.01,0.9,0.6034,0.9874,0.976675163874727,0.9738528769118718
hinge,0.05,2000,adam,2.0,0.01,0.01,0.9042,0.6277,0.9862,0.9710305899490167,0.9682459334789998
hinge,0.05,2000,adam,1.0,0.01,0.01,0.9087,0.7209,0.9581,0.90982034474387,0.901128914785142
slide,0.05,2000,adam,3.0,0.01,0.01,0.9,0.594,0.992,0.9868596746783199,0.984047098810391
slide,0.05,2000,adam,2.0,0.01,0.01,0.8982,0.5993,0.9868,0.9774217042971595,0.9741794124787571
hinge,0.05,2000,adam,3.0,0.01,0.01,0.9036,0.6198,0.9875,0.9760014566642389,0.9732702112163146
hinge,0.05,2000,adam,2.0,0.01,0.01,0.9082,0.7136,0.9591,0.9133648943918428,0.904549647972809
slide,0.05,2000,adam,4.0,0.01,0.01,0.9,0.5938,0.9919,0.9869142995872785,0.9840859431900947
slide,0.05,2000,adam,3.0,0.01,0.01,0.8984,0.6016,0.9879,0.9770393299344501,0.973809176984705
hinge,0.05,2000,adam,4.0,0.01,0.01,0.9031,0.6141,0.9894,0.9800922554017966,0.9772129157562516
hinge,0.05,2000,adam,3.0,0.01,0.01,0.9074,0.7099,0.9667,0.9148215586307357,0.9058315125030347
slide,0.05,2000,adam,5.0,0.01,0.01,0.9,0.5938,0.9918,0.9867868414663754,0.9839694100509832
hinge,0.05,2000,adam,5.0,0.01,0.01,0.9027,0.608,0.9907,0.9834972080602088,0.980792668123331
slide,0.05,2000,adam,4.0,0.01,0.01,0.8972,0.6,0.9902,0.9773306627822287,0.9739281378975478
slide,0.05,2000,adam,6.0,0.01,0.01,0.9,0.5938,0.9918,0.9867868414663754,0.9839694100509832
hinge,0.05,2000,adam,4.0,0.01,0.01,0.905,0.6969,0.9602,0.9211155620296189,0.9120369021607186
hinge,0.05,2000,adam,6.0,0.01,0.01,0.9017,0.6022,0.9917,0.9856336489439185,0.9828611313425588
slide,0.05,2000,adam,5.0,0.01,0.01,0.8988,0.5994,0.9874,0.9780589949016752,0.9748749696528284
slide,0.05,2000,adam,7.0,0.01,0.01,0.9,0.5938,0.9918,0.9867868414663754,0.9839694100509832
hinge,0.05,2000,adam,5.0,0.01,0.01,0.9056,0.689,0.9683,0.9257465404224327,0.9180104394270455
hinge,0.05,2000,adam,7.0,0.01,0.01,0.9012,0.5982,0.9931,0.9878611313425588,0.9850012138868658
slide,0.05,2000,adam,6.0,0.01,0.01,0.8988,0.5994,0.9904,0.980061908230153,0.9766690944403982
slide,0.05,2000,adam,8.0,0.01,0.01,0.9,0.5938,0.9917,0.9867868414663754,0.9839694100509832
hinge,0.05,2000,adam,6.0,0.01,0.01,0.9057,0.6801,0.9744,0.9305110463704783,0.9234959941733432
hinge,0.05,2000,adam,8.0,0.01,0.01,0.9006,0.5955,0.9944,0.9886622966739499,0.9858315125030348
slide,0.05,2000,adam,7.0,0.01,0.01,0.8989,0.6073,0.989,0.974174556931294,0.9710621510075261
slide,0.05,2000,adam,9.0,0.01,0.01,0.9,0.5935,0.9917,0.986665452779801,0.9838783685360524
hinge,0.05,2000,adam,7.0,0.01,0.01,0.9053,0.6756,0.9702,0.9356033017722748,0.9294209759650403
hinge,0.05,2000,adam,9.0,0.01,0.01,0.9005,0.594,0.9951,0.9891357125515902,0.9863449866472443
slide,0.05,2000,adam,8.0,0.01,0.01,0.8988,0.5994,0.9922,0.9808145180869143,0.9779011896091285
slide,0.05,2000,adam,10.0,0.01,0.01,0.9,0.5935,0.9917,0.986665452779801,0.9838783685360524
hinge,0.05,2000,adam,8.0,0.01,0.01,0.905,0.6665,0.9747,0.9396394756008741,0.9341235736829326
hinge,0.05,2000,adam,10.0,0.01,0.01,0.9,0.5911,0.9953,0.9902646273367323,0.987456907016266
slide,0.05,2000,adam,9.0,0.01,0.01,0.8987,0.6005,0.99,0.9784899247390143,0.9746079145423646
slide,0.05,2000,adam,50.0,0.01,0.01,0.9001,0.594,0.992,0.9868111192036901,0.9840046127700899
hinge,0.05,2000,adam,9.0,0.01,0.01,0.9026,0.6588,0.9745,0.9435117747025978,0.9385324107793155
hinge,0.05,2000,adam,50.0,0.01,0.01,0.8966,0.561,0.9931,0.9896758922068464,0.9871558630735616
slide,0.05,2000,adam,10.0,0.01,0.01,0.8989,0.5979,0.9883,0.9815125030347172,0.9785202719106578
slide,0.05,2000,adam,70.0,0.01,0.01,0.9001,0.5938,0.9919,0.9868050497693615,0.9840434571497937
hinge,0.05,2000,adam,10.0,0.01,0.01,0.903,0.6572,0.978,0.9444889536295218,0.9390531682447196
hinge,0.05,2000,adam,70.0,0.01,0.01,0.8937,0.539,0.9906,0.9907501820830299,0.9892643845593592
slide,0.05,2000,adam,50.0,0.01,0.01,0.8989,0.5924,0.995,0.9851905802379219,0.9821862102452051
slide,0.05,2000,adam,80.0,0.01,0.01,0.9002,0.5946,0.992,0.9868839524156349,0.9840810876426318
hinge,0.05,2000,adam,50.0,0.01,0.01,0.8981,0.6212,0.988,0.9681840252488468,0.9627955814518088
hinge,0.05,2000,adam,80.0,0.01,0.01,0.8914,0.5241,0.9895,0.993135469774217,0.9920162660840011
slide,0.05,2000,adam,70.0,0.01,0.01,0.8998,0.5981,0.9948,0.9859796067006555,0.982642631706725
slide,0.05,2000,adam,90.0,0.01,0.01,0.9003,0.5949,0.9919,0.9867443554260743,0.9839730517115806
hinge,0.05,2000,adam,90.0,0.01,0.01,0.8904,0.5162,0.9907,0.9957574654042243,0.9948543335761107
hinge,0.05,2000,adam,70.0,0.01,0.01,0.8994,0.6153,0.9896,0.973391599902889,0.9696406894877397
slide,0.05,2000,adam,100.0,0.01,0.01,0.9003,0.5944,0.9917,0.9868475358096624,0.984037387715465
slide,0.05,2000,adam,80.0,0.01,0.01,0.9014,0.607,0.9935,0.9814700169944162,0.978226511289148
hinge,0.05,2000,adam,100.0,0.01,0.01,0.8893,0.5099,0.9935,0.9972869628550619,0.9966351056081574
hinge,0.05,2000,adam,80.0,0.01,0.01,0.8983,0.613,0.9878,0.973264141781986,0.9690191794124786
slide,0.05,2000,adam,150.0,0.01,0.01,0.9003,0.5953,0.9912,0.9863741199320223,0.9835044913814032
slide,0.05,2000,adam,90.0,0.01,0.01,0.8993,0.5926,0.9958,0.9866108278708424,0.9833551832969167
hinge,0.05,2000,adam,150.0,0.01,0.01,0.8875,0.5,1.0,1.0,1.0
hinge,0.05,2000,adam,90.0,0.01,0.01,0.8983,0.6126,0.9877,0.9733005583879581,0.9692716678805535
slide,0.05,2000,adam,200.0,0.01,0.01,0.9007,0.5972,0.9901,0.9857671764991502,0.982921825685846
slide,0.05,2000,adam,100.0,0.01,0.01,0.8999,0.5988,0.9962,0.9832240835154163,0.9800182083029862
hinge,0.05,2000,adam,200.0,0.01,0.01,0.8875,0.5,1.0,1.0,1.0
hinge,0.05,2000,adam,100.0,0.01,0.01,0.8988,0.614,0.9897,0.973154891964069,0.9690665210002428
slide,0.05,2000,adam,250.0,0.01,0.01,0.9006,0.5986,0.9899,0.9851480941976207,0.9822748239864045
slide,0.05,2000,adam,150.0,0.01,0.01,0.9002,0.5978,0.9965,0.9855061908230154,0.9824374848264141
hinge,0.05,2000,adam,250.0,0.01,0.01,0.8875,0.5,1.0,1.0,1.0
hinge,0.05,2000,adam,150.0,0.01,0.01,0.8983,0.6062,0.9922,0.9772274823986405,0.9732301529497451
slide,0.05,2000,adam,300.0,0.01,0.01,0.9005,0.5982,0.9898,0.9850267055110464,0.9820186938577324
slide,0.05,2000,adam,200.0,0.01,0.01,0.8991,0.5909,0.9926,0.9872906045156592,0.9845860645787812
hinge,0.05,2000,adam,200.0,0.01,0.01,0.8987,0.6055,0.9928,0.979691672736101,0.9761908230152949
hinge,0.05,2000,adam,300.0,0.01,0.01,0.8875,0.5,1.0,1.0,1.0
slide,0.05,2000,adam,250.0,0.01,0.01,0.9003,0.5989,0.998,0.9859310512260258,0.9826499150279193
slide,0.05,2000,adam,500.0,0.01,0.01,0.9013,0.6067,0.9877,0.9821073075989318,0.9788443797038117
hinge,0.05,2000,adam,250.0,0.01,0.01,0.8982,0.605,0.9924,0.9792546734644332,0.9760233066278222
hinge,0.05,2000,adam,500.0,0.01,0.01,0.8875,0.5,1.0,1.0,1.0
slide,0.05,2000,adam,700.0,0.01,0.01,0.9006,0.6068,0.9882,0.9815549890750183,0.9781451808691431
slide,0.05,2000,adam,300.0,0.01,0.01,0.8993,0.5926,0.9977,0.9871145909201263,0.9839827628065064
hinge,0.05,2000,adam,700.0,0.01,0.01,0.8875,0.5,1.0,1.0,1.0
hinge,0.05,2000,adam,300.0,0.01,0.01,0.8992,0.6051,0.9941,0.9814942947317311,0.9780565671279436
slide,0.05,2000,adam,1000.0,0.01,0.01,0.9002,0.6058,0.9889,0.9823258072347657,0.9785931051226027
slide,0.05,2000,adam,500.0,0.01,0.01,0.9006,0.599,0.9933,0.9856457878125758,0.9825952901189609
hinge,0.05,2000,adam,1000.0,0.01,0.01,0.8875,0.5,1.0,1.0,1.0
hinge,0.05,2000,adam,500.0,0.01,0.01,0.8989,0.603,0.9944,0.9817856275795096,0.9780674921097353
slide,0.05,2000,adam,0.0,0.01,0.05,0.9064,0.6499,0.9811,0.9567856275795096,0.953600388443797
slide,0.05,2000,adam,700.0,0.01,0.01,0.9003,0.5958,0.9954,0.9876669094440398,0.984525370235494
hinge,0.05,2000,adam,0.0,0.01,0.05,0.9064,0.6499,0.9811,0.9567856275795096,0.953600388443797
hinge,0.05,2000,adam,700.0,0.01,0.01,0.8997,0.6013,0.9936,0.9843347899975723,0.9808837096382618
slide,0.05,2000,adam,0.01,0.01,0.05,0.9063,0.6489,0.9812,0.9575321680019422,0.9544294731731003
slide,0.05,2000,adam,1000.0,0.01,0.01,0.9008,0.5998,0.9964,0.9860524399126,0.982931536780772
hinge,0.05,2000,adam,1000.0,0.01,0.01,0.8997,0.5948,0.9975,0.9900218499635833,0.98691672736101
hinge,0.05,2000,adam,0.01,0.01,0.05,0.9064,0.6499,0.9811,0.9567856275795096,0.953600388443797
slide,0.05,2000,adam,0.0,0.01,0.05,0.9065,0.7218,0.963,0.9054017965525613,0.8953702354940519
slide,0.05,2000,adam,0.1,0.01,0.05,0.9055,0.6355,0.9842,0.9673039572711823,0.9645460063122117
hinge,0.05,2000,adam,0.0,0.01,0.05,0.9065,0.7218,0.963,0.9054017965525613,0.8953702354940519
hinge,0.05,2000,adam,0.1,0.01,0.05,0.9064,0.6492,0.9812,0.9572469045884923,0.9541527069677106
slide,0.05,2000,adam,0.2,0.01,0.05,0.9036,0.6193,0.9884,0.9766994416120418,0.9738844379703812
slide,0.05,2000,adam,0.01,0.01,0.05,0.9058,0.7207,0.962,0.9038783685360525,0.8940738043214372
hinge,0.05,2000,adam,0.01,0.01,0.05,0.9058,0.7261,0.9655,0.9022760378732702,0.8922614712308813
hinge,0.05,2000,adam,0.2,0.01,0.05,0.9065,0.6478,0.9811,0.9585457635348386,0.9555353241077933
slide,0.05,2000,adam,0.1,0.01,0.05,0.9074,0.7188,0.9609,0.9081330420004855,0.8986440883709639
slide,0.05,2000,adam,0.5,0.01,0.05,0.9014,0.6009,0.9933,0.9870721048798252,0.9839766933721779
hinge,0.05,2000,adam,0.5,0.01,0.05,0.9063,0.6439,0.9817,0.9612891478514203,0.9584680747754311
hinge,0.05,2000,adam,0.1,0.01,0.05,0.9073,0.727,0.9613,0.9050679776644817,0.8953799465889779
slide,0.05,2000,adam,0.2,0.01,0.05,0.9079,0.7153,0.9638,0.9120721048798253,0.9035530468560331
slide,0.05,2000,adam,1.0,0.01,0.05,0.9009,0.5966,0.9949,0.9890507404709882,0.9859783928137897
hinge,0.05,2000,adam,0.2,0.01,0.05,0.9075,0.7262,0.96,0.9057416848749696,0.8959419762078175
hinge,0.05,2000,adam,1.0,0.01,0.05,0.9056,0.6383,0.9831,0.9644149065307115,0.9617467831998059
slide,0.05,2000,adam,0.5,0.01,0.05,0.9076,0.6965,0.9711,0.9266448167030834,0.9177761592619568
slide,0.05,2000,adam,2.0,0.01,0.05,0.9006,0.5955,0.9952,0.9888079630978391,0.9859237679048312
hinge,0.05,2000,adam,0.5,0.01,0.05,0.9076,0.7224,0.9597,0.9075321680019423,0.8976547705753823
hinge,0.05,2000,adam,2.0,0.01,0.05,0.9042,0.6277,0.9862,0.9710305899490167,0.9682459334789998
slide,0.05,2000,adam,1.0,0.01,0.05,0.902,0.6288,0.9741,0.9602452051468803,0.9567674192765234
slide,0.05,2000,adam,3.0,0.01,0.05,0.9003,0.5944,0.9939,0.9882920611798981,0.9854891964068948
hinge,0.05,2000,adam,3.0,0.01,0.05,0.9036,0.6198,0.9875,0.9760014566642389,0.9732702112163146
hinge,0.05,2000,adam,1.0,0.01,0.05,0.9087,0.7209,0.9581,0.90982034474387,0.901128914785142
slide,0.05,2000,adam,4.0,0.01,0.05,0.9001,0.594,0.9934,0.9877579509589706,0.9849259529011896
slide,0.05,2000,adam,2.0,0.01,0.05,0.8998,0.6087,0.9817,0.972766448167031,0.9697632920611798
hinge,0.05,2000,adam,4.0,0.01,0.05,0.9031,0.6141,0.9894,0.9800922554017966,0.9772129157562516
hinge,0.05,2000,adam,2.0,0.01,0.05,0.9082,0.7136,0.9591,0.9133648943918428,0.904549647972809
slide,0.05,2000,adam,3.0,0.01,0.05,0.8999,0.6087,0.9829,0.9732216557416848,0.9704600631221171
slide,0.05,2000,adam,5.0,0.01,0.05,0.9001,0.5945,0.9928,0.9875880067977665,0.9846722505462491
hinge,0.05,2000,adam,3.0,0.01,0.05,0.9074,0.7099,0.9667,0.9148215586307357,0.9058315125030347
hinge,0.05,2000,adam,5.0,0.01,0.05,0.9027,0.608,0.9907,0.9834972080602088,0.980792668123331
slide,0.05,2000,adam,4.0,0.01,0.05,0.8985,0.6025,0.9875,0.9747572226268512,0.9720405438213158
slide,0.05,2000,adam,6.0,0.01,0.05,0.9001,0.5945,0.9927,0.9873998543335761,0.9845241563486282
hinge,0.05,2000,adam,4.0,0.01,0.05,0.905,0.6969,0.9602,0.9211155620296189,0.9120369021607186
hinge,0.05,2000,adam,6.0,0.01,0.05,0.9017,0.6022,0.9917,0.9856336489439185,0.9828611313425588
slide,0.05,2000,adam,5.0,0.01,0.05,0.8986,0.6019,0.9832,0.975825443068706,0.9728307841709153
slide,0.05,2000,adam,7.0,0.01,0.05,0.9001,0.5945,0.9925,0.987424132070891,0.9845253702354941
hinge,0.05,2000,adam,5.0,0.01,0.05,0.9056,0.689,0.9683,0.9257465404224327,0.9180104394270455
hinge,0.05,2000,adam,7.0,0.01,0.05,0.9012,0.5982,0.9931,0.9878611313425588,0.9850012138868658
slide,0.05,2000,adam,6.0,0.01,0.05,0.8978,0.6,0.9855,0.9765719834911386,0.9730881281864532
slide,0.05,2000,adam,8.0,0.01,0.05,0.9,0.5942,0.9925,0.9872966739499879,0.9844379703811604
hinge,0.05,2000,adam,6.0,0.01,0.05,0.9057,0.6801,0.9744,0.9305110463704783,0.9234959941733432
hinge,0.05,2000,adam,8.0,0.01,0.05,0.9006,0.5955,0.9944,0.9886622966739499,0.9858315125030348
slide,0.05,2000,adam,7.0,0.01,0.05,0.8986,0.5932,0.9873,0.9807113377033261,0.9777846564700169
slide,0.05,2000,adam,9.0,0.01,0.05,0.9,0.5942,0.9924,0.9872420490410294,0.9843918426802624
hinge,0.05,2000,adam,7.0,0.01,0.05,0.9053,0.6756,0.9702,0.9356033017722748,0.9294209759650403
hinge,0.05,2000,adam,9.0,0.01,0.05,0.9005,0.594,0.9951,0.9891357125515902,0.9863449866472443
slide,0.05,2000,adam,8.0,0.01,0.05,0.8972,0.5969,0.9864,0.9773610099538723,0.9740021849963584
slide,0.05,2000,adam,10.0,0.01,0.05,0.8999,0.5937,0.9923,0.9870235494051953,0.9841964068948773
hinge,0.05,2000,adam,8.0,0.01,0.05,0.905,0.6665,0.9747,0.9396394756008741,0.9341235736829326
hinge,0.05,2000,adam,10.0,0.01,0.05,0.9,0.5911,0.9953,0.9902646273367323,0.987456907016266
slide,0.05,2000,adam,9.0,0.01,0.05,0.8999,0.5977,0.9883,0.9812636562272397,0.9783903860160234
slide,0.05,2000,adam,50.0,0.01,0.05,0.9,0.5935,0.9917,0.986665452779801,0.9838783685360524
hinge,0.05,2000,adam,50.0,0.01,0.05,0.8966,0.561,0.9931,0.9896758922068464,0.9871558630735616
hinge,0.05,2000,adam,9.0,0.01,0.05,0.9026,0.6588,0.9745,0.9435117747025978,0.9385324107793155
slide,0.05,2000,adam,70.0,0.01,0.05,0.9,0.5935,0.9917,0.986665452779801,0.9838783685360524
slide,0.05,2000,adam,10.0,0.01,0.05,0.8982,0.5951,0.9882,0.9788358824957514,0.9759723233794609
hinge,0.05,2000,adam,70.0,0.01,0.05,0.8937,0.539,0.9906,0.9907501820830299,0.9892643845593592
hinge,0.05,2000,adam,10.0,0.01,0.05,0.903,0.6572,0.978,0.9444889536295218,0.9390531682447196
slide,0.05,2000,adam,80.0,0.01,0.05,0.9,0.5935,0.9917,0.986665452779801,0.9838783685360524
slide,0.05,2000,adam,50.0,0.01,0.05,0.8983,0.5949,0.9896,0.98121510075261,0.9778999757222626
hinge,0.05,2000,adam,80.0,0.01,0.05,0.8914,0.5241,0.9895,0.993135469774217,0.9920162660840011
slide,0.05,2000,adam,90.0,0.01,0.05,0.9,0.5938,0.9918,0.9867868414663754,0.9839694100509832
hinge,0.05,2000,adam,50.0,0.01,0.05,0.8981,0.6212,0.988,0.9681840252488468,0.9627955814518088
hinge,0.05,2000,adam,90.0,0.01,0.05,0.8904,0.5162,0.9907,0.9957574654042243,0.9948543335761107
slide,0.05,2000,adam,70.0,0.01,0.05,0.8979,0.5928,0.9922,0.9832483612527313,0.9798737557659627
slide,0.05,2000,adam,100.0,0.01,0.05,0.9,0.5938,0.9918,0.9867868414663754,0.9839694100509832
hinge,0.05,2000,adam,70.0,0.01,0.05,0.8994,0.6153,0.9896,0.973391599902889,0.9696406894877397
hinge,0.05,2000,adam,100.0,0.01,0.05,0.8893,0.5099,0.9935,0.9972869628550619,0.9966351056081574
slide,0.05,2000,adam,80.0,0.01,0.05,0.9,0.6004,0.9885,0.9813000728332121,0.9784705025491625
slide,0.05,2000,adam,150.0,0.01,0.05,0.9001,0.594,0.992,0.9868111192036901,0.9840046127700899
hinge,0.05,2000,adam,80.0,0.01,0.05,0.8983,0.613,0.9878,0.973264141781986,0.9690191794124786
hinge,0.05,2000,adam,150.0,0.01,0.05,0.8875,0.5,1.0,1.0,1.0
slide,0.05,2000,adam,90.0,0.01,0.05,0.8976,0.5992,0.9888,0.9780711337703326,0.9747827142510317
slide,0.05,2000,adam,200.0,0.01,0.05,0.9001,0.594,0.992,0.9868111192036901,0.9840046127700899
hinge,0.05,2000,adam,90.0,0.01,0.05,0.8983,0.6126,0.9877,0.9733005583879581,0.9692716678805535
hinge,0.05,2000,adam,200.0,0.01,0.05,0.8875,0.5,1.0,1.0,1.0
slide,0.05,2000,adam,100.0,0.01,0.05,0.8989,0.5955,0.9905,0.9829509589706239,0.9800473415877641
slide,0.05,2000,adam,250.0,0.01,0.05,0.9001,0.594,0.992,0.9868111192036901,0.9840046127700899
hinge,0.05,2000,adam,100.0,0.01,0.05,0.8988,0.614,0.9897,0.973154891964069,0.9690665210002428
hinge,0.05,2000,adam,250.0,0.01,0.05,0.8875,0.5,1.0,1.0,1.0
slide,0.05,2000,adam,150.0,0.01,0.05,0.8992,0.5975,0.9922,0.9815428502063608,0.9782957028404953
slide,0.05,2000,adam,300.0,0.01,0.05,0.9001,0.594,0.992,0.9868111192036901,0.9840046127700899
hinge,0.05,2000,adam,300.0,0.01,0.05,0.8875,0.5,1.0,1.0,1.0
hinge,0.05,2000,adam,150.0,0.01,0.05,0.8983,0.6062,0.9922,0.9772274823986405,0.9732301529497451
slide,0.05,2000,adam,500.0,0.01,0.05,0.9003,0.5944,0.9917,0.9868475358096624,0.984037387715465
slide,0.05,2000,adam,200.0,0.01,0.05,0.899,0.5934,0.9925,0.984711094925953,0.981750424860403
hinge,0.05,2000,adam,500.0,0.01,0.05,0.8875,0.5,1.0,1.0,1.0
hinge,0.05,2000,adam,200.0,0.01,0.05,0.8987,0.6055,0.9928,0.979691672736101,0.9761908230152949
slide,0.05,2000,adam,700.0,0.01,0.05,0.9005,0.5952,0.9913,0.986556202961884,0.9837181354697742
slide,0.05,2000,adam,250.0,0.01,0.05,0.8989,0.5924,0.995,0.9851905802379219,0.9821862102452051
hinge,0.05,2000,adam,700.0,0.01,0.05,0.8875,0.5,1.0,1.0,1.0
slide,0.05,2000,adam,1000.0,0.01,0.05,0.9007,0.5972,0.9901,0.9857671764991502,0.982921825685846
hinge,0.05,2000,adam,250.0,0.01,0.05,0.8982,0.605,0.9924,0.9792546734644332,0.9760233066278222
hinge,0.05,2000,adam,1000.0,0.01,0.05,0.8875,0.5,1.0,1.0,1.0
slide,0.05,2000,adam,300.0,0.01,0.05,0.8988,0.5881,0.9963,0.9877579509589707,0.9848992473901431
slide,0.05,2000,adam,0.0,0.01,0.1,0.9064,0.6499,0.9811,0.9567856275795096,0.953600388443797
hinge,0.05,2000,adam,300.0,0.01,0.05,0.8992,0.6051,0.9941,0.9814942947317311,0.9780565671279436
hinge,0.05,2000,adam,0.0,0.01,0.1,0.9064,0.6499,0.9811,0.9567856275795096,0.953600388443797
slide,0.05,2000,adam,500.0,0.01,0.05,0.8999,0.5988,0.9962,0.9832240835154163,0.9800182083029862
slide,0.05,2000,adam,0.01,0.01,0.1,0.9065,0.6495,0.9812,0.9571801408108763,0.9540810876426318
hinge,0.05,2000,adam,500.0,0.01,0.05,0.8989,0.603,0.9944,0.9817856275795096,0.9780674921097353
slide,0.05,2000,adam,700.0,0.01,0.05,0.8996,0.5907,0.9938,0.9873088128186454,0.9841563486283079
hinge,0.05,2000,adam,0.01,0.01,0.1,0.9064,0.6499,0.9811,0.9567856275795096,0.953600388443797
slide,0.05,2000,adam,0.1,0.01,0.1,0.9059,0.6397,0.9825,0.9636380189366351,0.9607526098567614
hinge,0.05,2000,adam,700.0,0.01,0.05,0.8997,0.6013,0.9936,0.9843347899975723,0.9808837096382618
hinge,0.05,2000,adam,0.1,0.01,0.1,0.9064,0.6492,0.9812,0.9572469045884923,0.9541527069677106
slide,0.05,2000,adam,1000.0,0.01,0.05,0.8991,0.5909,0.9926,0.9872906045156592,0.9845860645787812
slide,0.05,2000,adam,0.2,0.01,0.1,0.905,0.6314,0.9849,0.9695193008011654,0.9667613498421948
hinge,0.05,2000,adam,1000.0,0.01,0.05,0.8997,0.5948,0.9975,0.9900218499635833,0.98691672736101
hinge,0.05,2000,adam,0.2,0.01,0.1,0.9065,0.6478,0.9811,0.9585457635348386,0.9555353241077933
slide,0.05,2000,adam,0.0,0.01,0.1,0.9065,0.7218,0.963,0.9054017965525613,0.8953702354940519
slide,0.05,2000,adam,0.5,0.01,0.1,0.9036,0.6175,0.9908,0.9792728817674191,0.9763097839281379
hinge,0.05,2000,adam,0.0,0.01,0.1,0.9065,0.7218,0.963,0.9054017965525613,0.8953702354940519
hinge,0.05,2000,adam,0.5,0.01,0.1,0.9063,0.6439,0.9817,0.9612891478514203,0.9584680747754311
slide,0.05,2000,adam,0.01,0.01,0.1,0.9077,0.7291,0.9639,0.9030772032046614,0.8931913085700414
slide,0.05,2000,adam,1.0,0.01,0.1,0.9014,0.6009,0.9933,0.9870721048798252,0.9839766933721779
hinge,0.05,2000,adam,0.01,0.01,0.1,0.9058,0.7261,0.9655,0.9022760378732702,0.8922614712308813
hinge,0.05,2000,adam,1.0,0.01,0.1,0.9056,0.6383,0.9831,0.9644149065307115,0.9617467831998059
slide,0.05,2000,adam,0.1,0.01,0.1,0.9077,0.7223,0.9672,0.9067613498421947,0.8969252245690703
slide,0.05,2000,adam,2.0,0.01,0.1,0.9009,0.5966,0.9949,0.9890507404709882,0.9859783928137897
hinge,0.05,2000,adam,0.1,0.01,0.1,0.9073,0.727,0.9613,0.9050679776644817,0.8953799465889779
hinge,0.05,2000,adam,2.0,0.01,0.1,0.9042,0.6277,0.9862,0.9710305899490167,0.9682459334789998
slide,0.05,2000,adam,0.2,0.01,0.1,0.907,0.7181,0.9624,0.9087399854333577,0.8994646758922068
slide,0.05,2000,adam,3.0,0.01,0.1,0.9009,0.5962,0.9954,0.9890568099053169,0.986067006554989
hinge,0.05,2000,adam,0.2,0.01,0.1,0.9075,0.7262,0.96,0.9057416848749696,0.8959419762078175
hinge,0.05,2000,adam,3.0,0.01,0.1,0.9036,0.6198,0.9875,0.9760014566642389,0.9732702112163146
slide,0.05,2000,adam,0.5,0.01,0.1,0.9075,0.7002,0.9669,0.9201687302743383,0.911252731245448
slide,0.05,2000,adam,4.0,0.01,0.1,0.9006,0.5955,0.9952,0.9888079630978391,0.9859237679048312
hinge,0.05,2000,adam,0.5,0.01,0.1,0.9076,0.7224,0.9597,0.9075321680019423,0.8976547705753823
hinge,0.05,2000,adam,4.0,0.01,0.1,0.9031,0.6141,0.9894,0.9800922554017966,0.9772129157562516
slide,0.05,2000,adam,1.0,0.01,0.1,0.9065,0.6789,0.9711,0.9348992473901433,0.9278939062879339
slide,0.05,2000,adam,5.0,0.01,0.1,0.9003,0.5942,0.9944,0.9887411993202233,0.9858727846564701
hinge,0.05,2000,adam,1.0,0.01,0.1,0.9087,0.7209,0.9581,0.90982034474387,0.901128914785142
hinge,0.05,2000,adam,5.0,0.01,0.1,0.9027,0.608,0.9907,0.9834972080602088,0.980792668123331
slide,0.05,2000,adam,2.0,0.01,0.1,0.9017,0.6251,0.9773,0.9639232823500848,0.9600024277737315
slide,0.05,2000,adam,6.0,0.01,0.1,0.9003,0.5944,0.9939,0.9882920611798981,0.9854891964068948
hinge,0.05,2000,adam,2.0,0.01,0.1,0.9082,0.7136,0.9591,0.9133648943918428,0.904549647972809
hinge,0.05,2000,adam,6.0,0.01,0.1,0.9017,0.6022,0.9917,0.9856336489439185,0.9828611313425588
slide,0.05,2000,adam,3.0,0.01,0.1,0.8995,0.6107,0.9817,0.9707938820101967,0.9674435542607428
hinge,0.05,2000,adam,3.0,0.01,0.1,0.9074,0.7099,0.9667,0.9148215586307357,0.9058315125030347
slide,0.05,2000,adam,7.0,0.01,0.1,0.9003,0.5944,0.9936,0.988055353241078,0.985231852391357
slide,0.05,2000,adam,4.0,0.01,0.1,0.9004,0.6088,0.9819,0.9726207817431415,0.9699975722262686
hinge,0.05,2000,adam,7.0,0.01,0.1,0.9012,0.5982,0.9931,0.9878611313425588,0.9850012138868658
hinge,0.05,2000,adam,4.0,0.01,0.1,0.905,0.6969,0.9602,0.9211155620296189,0.9120369021607186
slide,0.05,2000,adam,8.0,0.01,0.1,0.9001,0.594,0.9934,0.9877579509589706,0.9849259529011896
hinge,0.05,2000,adam,8.0,0.01,0.1,0.9006,0.5955,0.9944,0.9886622966739499,0.9858315125030348
slide,0.05,2000,adam,5.0,0.01,0.1,0.8992,0.6086,0.9839,0.9716314639475601,0.9689269240106821
slide,0.05,2000,adam,9.0,0.01,0.1,0.9001,0.5943,0.993,0.9876669094440398,0.9847984947802865
hinge,0.05,2000,adam,5.0,0.01,0.1,0.9056,0.689,0.9683,0.9257465404224327,0.9180104394270455
hinge,0.05,2000,adam,9.0,0.01,0.1,0.9005,0.594,0.9951,0.9891357125515902,0.9863449866472443
slide,0.05,2000,adam,6.0,0.01,0.1,0.8997,0.6082,0.9829,0.9729728089342072,0.9703374605486769
slide,0.05,2000,adam,10.0,0.01,0.1,0.9001,0.5945,0.9928,0.9875880067977665,0.9846722505462491
hinge,0.05,2000,adam,6.0,0.01,0.1,0.9057,0.6801,0.9744,0.9305110463704783,0.9234959941733432
hinge,0.05,2000,adam,10.0,0.01,0.1,0.9,0.5911,0.9953,0.9902646273367323,0.987456907016266
slide,0.05,2000,adam,7.0,0.01,0.1,0.9003,0.6069,0.9882,0.9762563729060453,0.972993445010925
slide,0.05,2000,adam,50.0,0.01,0.1,0.9,0.5938,0.9918,0.9867868414663754,0.9839694100509832
hinge,0.05,2000,adam,7.0,0.01,0.1,0.9053,0.6756,0.9702,0.9356033017722748,0.9294209759650403
hinge,0.05,2000,adam,50.0,0.01,0.1,0.8966,0.561,0.9931,0.9896758922068464,0.9871558630735616
slide,0.05,2000,adam,8.0,0.01,0.1,0.8984,0.6023,0.9875,0.9747511531925225,0.9720223355183296
slide,0.05,2000,adam,70.0,0.01,0.1,0.9,0.5938,0.9918,0.9867868414663754,0.9839694100509832
hinge,0.05,2000,adam,8.0,0.01,0.1,0.905,0.6665,0.9747,0.9396394756008741,0.9341235736829326
hinge,0.05,2000,adam,70.0,0.01,0.1,0.8937,0.539,0.9906,0.9907501820830299,0.9892643845593592
slide,0.05,2000,adam,9.0,0.01,0.1,0.8984,0.6006,0.9857,0.9759346928866229,0.9726402039329934
slide,0.05,2000,adam,80.0,0.01,0.1,0.9,0.5938,0.9917,0.9867868414663754,0.9839694100509832
hinge,0.05,2000,adam,9.0,0.01,0.1,0.9026,0.6588,0.9745,0.9435117747025978,0.9385324107793155
hinge,0.05,2000,adam,80.0,0.01,0.1,0.8914,0.5241,0.9895,0.993135469774217,0.9920162660840011
slide,0.05,2000,adam,10.0,0.01,0.1,0.8986,0.6019,0.9832,0.975825443068706,0.9728307841709153
slide,0.05,2000,adam,90.0,0.01,0.1,0.9,0.5935,0.9917,0.986665452779801,0.9838783685360524
hinge,0.05,2000,adam,10.0,0.01,0.1,0.903,0.6572,0.978,0.9444889536295218,0.9390531682447196
hinge,0.05,2000,adam,90.0,0.01,0.1,0.8904,0.5162,0.9907,0.9957574654042243,0.9948543335761107
slide,0.05,2000,adam,50.0,0.01,0.1,0.8986,0.6012,0.9876,0.9782714251031804,0.9751578052925467
slide,0.05,2000,adam,100.0,0.01,0.1,0.9,0.5935,0.9917,0.986665452779801,0.9838783685360524
hinge,0.05,2000,adam,100.0,0.01,0.1,0.8893,0.5099,0.9935,0.9972869628550619,0.9966351056081574
hinge,0.05,2000,adam,50.0,0.01,0.1,0.8981,0.6212,0.988,0.9681840252488468,0.9627955814518088
slide,0.05,2000,adam,150.0,0.01,0.1,0.9,0.5935,0.9917,0.986665452779801,0.9838783685360524
slide,0.05,2000,adam,70.0,0.01,0.1,0.8987,0.6064,0.9892,0.9756919155134742,0.9720308327263898
hinge,0.05,2000,adam,150.0,0.01,0.1,0.8875,0.5,1.0,1.0,1.0
hinge,0.05,2000,adam,70.0,0.01,0.1,0.8994,0.6153,0.9896,0.973391599902889,0.9696406894877397
slide,0.05,2000,adam,200.0,0.01,0.1,0.9,0.5938,0.9918,0.9867868414663754,0.9839694100509832
slide,0.05,2000,adam,80.0,0.01,0.1,0.8994,0.6047,0.9928,0.9783139111434814,0.9746406894877397
hinge,0.05,2000,adam,200.0,0.01,0.1,0.8875,0.5,1.0,1.0,1.0
hinge,0.05,2000,adam,80.0,0.01,0.1,0.8983,0.613,0.9878,0.973264141781986,0.9690191794124786
slide,0.05,2000,adam,250.0,0.01,0.1,0.9001,0.594,0.992,0.9868111192036901,0.9840046127700899
slide,0.05,2000,adam,90.0,0.01,0.1,0.8978,0.6026,0.988,0.9764688031075504,0.9727057538237437
hinge,0.05,2000,adam,250.0,0.01,0.1,0.8875,0.5,1.0,1.0,1.0
hinge,0.05,2000,adam,90.0,0.01,0.1,0.8983,0.6126,0.9877,0.9733005583879581,0.9692716678805535
slide,0.05,2000,adam,300.0,0.01,0.1,0.9001,0.594,0.992,0.9868111192036901,0.9840046127700899
slide,0.05,2000,adam,100.0,0.01,0.1,0.8983,0.5949,0.9896,0.98121510075261,0.9778999757222626
hinge,0.05,2000,adam,300.0,0.01,0.1,0.8875,0.5,1.0,1.0,1.0
hinge,0.05,2000,adam,100.0,0.01,0.1,0.8988,0.614,0.9897,0.973154891964069,0.9690665210002428
slide,0.05,2000,adam,500.0,0.01,0.1,0.9001,0.594,0.992,0.9868111192036901,0.9840046127700899
slide,0.05,2000,adam,150.0,0.01,0.1,0.8987,0.6005,0.9882,0.9798616168973052,0.9766314639475602
hinge,0.05,2000,adam,500.0,0.01,0.1,0.8875,0.5,1.0,1.0,1.0
hinge,0.05,2000,adam,150.0,0.01,0.1,0.8983,0.6062,0.9922,0.9772274823986405,0.9732301529497451
slide,0.05,2000,adam,700.0,0.01,0.1,0.9001,0.5938,0.9919,0.9868050497693615,0.9840434571497937
slide,0.05,2000,adam,200.0,0.01,0.1,0.8989,0.5955,0.9905,0.9829509589706239,0.9800473415877641
hinge,0.05,2000,adam,700.0,0.01,0.1,0.8875,0.5,1.0,1.0,1.0
hinge,0.05,2000,adam,200.0,0.01,0.1,0.8987,0.6055,0.9928,0.979691672736101,0.9761908230152949
slide,0.05,2000,adam,1000.0,0.01,0.1,0.9003,0.5944,0.9917,0.9868475358096624,0.984037387715465
slide,0.05,2000,adam,250.0,0.01,0.1,0.8996,0.6053,0.9898,0.9784535081330421,0.9755134741442097
hinge,0.05,2000,adam,1000.0,0.01,0.1,0.8875,0.5,1.0,1.0,1.0
hinge,0.05,2000,adam,250.0,0.01,0.1,0.8982,0.605,0.9924,0.9792546734644332,0.9760233066278222
slide,0.05,2000,adam,0.0,0.01,0.2,0.9064,0.6499,0.9811,0.9567856275795096,0.953600388443797
slide,0.05,2000,adam,300.0,0.01,0.1,0.8992,0.5975,0.9922,0.9815428502063608,0.9782957028404953
hinge,0.05,2000,adam,0.0,0.01,0.2,0.9064,0.6499,0.9811,0.9567856275795096,0.953600388443797
hinge,0.05,2000,adam,300.0,0.01,0.1,0.8992,0.6051,0.9941,0.9814942947317311,0.9780565671279436
slide,0.05,2000,adam,0.01,0.01,0.2,0.9064,0.6499,0.9812,0.9567856275795096,0.953600388443797
slide,0.05,2000,adam,500.0,0.01,0.1,0.8989,0.5924,0.995,0.9851905802379219,0.9821862102452051
hinge,0.05,2000,adam,0.01,0.01,0.2,0.9064,0.6499,0.9811,0.9567856275795096,0.953600388443797
hinge,0.05,2000,adam,500.0,0.01,0.1,0.8989,0.603,0.9944,0.9817856275795096,0.9780674921097353
slide,0.05,2000,adam,0.1,0.01,0.2,0.9064,0.6452,0.9816,0.9606822044185482,0.9576729788783687
slide,0.05,2000,adam,700.0,0.01,0.1,0.8989,0.5877,0.9967,0.989311726147123,0.9862697256615682
hinge,0.05,2000,adam,0.1,0.01,0.2,0.9064,0.6492,0.9812,0.9572469045884923,0.9541527069677106
hinge,0.05,2000,adam,700.0,0.01,0.1,0.8997,0.6013,0.9936,0.9843347899975723,0.9808837096382618
slide,0.05,2000,adam,0.2,0.01,0.2,0.9059,0.6397,0.9825,0.9636380189366351,0.9607526098567614
slide,0.05,2000,adam,1000.0,0.01,0.1,0.8999,0.5988,0.9962,0.9832240835154163,0.9800182083029862
hinge,0.05,2000,adam,0.2,0.01,0.2,0.9065,0.6478,0.9811,0.9585457635348386,0.9555353241077933
hinge,0.05,2000,adam,1000.0,0.01,0.1,0.8997,0.5948,0.9975,0.9900218499635833,0.98691672736101
slide,0.05,2000,adam,0.5,0.01,0.2,0.9042,0.6277,0.986,0.9712126729788784,0.968391599902889
slide,0.05,2000,adam,0.0,0.01,0.2,0.9065,0.7218,0.963,0.9054017965525613,0.8953702354940519
hinge,0.05,2000,adam,0.5,0.01,0.2,0.9063,0.6439,0.9817,0.9612891478514203,0.9584680747754311
hinge,0.05,2000,adam,0.0,0.01,0.2,0.9065,0.7218,0.963,0.9054017965525613,0.8953702354940519
slide,0.05,2000,adam,1.0,0.01,0.2,0.9036,0.6175,0.9908,0.9792728817674191,0.9763097839281379
slide,0.05,2000,adam,0.01,0.01,0.2,0.9065,0.7216,0.9609,0.9047098810390871,0.8955559601845109
hinge,0.05,2000,adam,1.0,0.01,0.2,0.9056,0.6383,0.9831,0.9644149065307115,0.9617467831998059
hinge,0.05,2000,adam,0.01,0.01,0.2,0.9058,0.7261,0.9655,0.9022760378732702,0.8922614712308813
slide,0.05,2000,adam,2.0,0.01,0.2,0.9014,0.6009,0.9933,0.9870721048798252,0.9839766933721779
slide,0.05,2000,adam,0.1,0.01,0.2,0.9074,0.7218,0.9652,0.9072590434571498,0.8973500849720806
hinge,0.05,2000,adam,2.0,0.01,0.2,0.9042,0.6277,0.9862,0.9710305899490167,0.9682459334789998
hinge,0.05,2000,adam,0.1,0.01,0.2,0.9073,0.727,0.9613,0.9050679776644817,0.8953799465889779
slide,0.05,2000,adam,3.0,0.01,0.2,0.9009,0.5978,0.9948,0.9883406166545278,0.9852634134498666
slide,0.05,2000,adam,0.2,0.01,0.2,0.907,0.7205,0.9664,0.9068463219227968,0.8975006069434329
hinge,0.05,2000,adam,3.0,0.01,0.2,0.9036,0.6198,0.9875,0.9760014566642389,0.9732702112163146
hinge,0.05,2000,adam,0.2,0.01,0.2,0.9075,0.7262,0.96,0.9057416848749696,0.8959419762078175
slide,0.05,2000,adam,4.0,0.01,0.2,0.9009,0.5966,0.9949,0.9890507404709882,0.9859783928137897
slide,0.05,2000,adam,0.5,0.01,0.2,0.9093,0.7152,0.961,0.9147001699441611,0.9056858460791455
hinge,0.05,2000,adam,4.0,0.01,0.2,0.9031,0.6141,0.9894,0.9800922554017966,0.9772129157562516
hinge,0.05,2000,adam,0.5,0.01,0.2,0.9076,0.7224,0.9597,0.9075321680019423,0.8976547705753823
slide,0.05,2000,adam,5.0,0.01,0.2,0.9011,0.5965,0.9954,0.9889718378247147,0.9859553289633406
slide,0.05,2000,adam,1.0,0.01,0.2,0.9067,0.6896,0.967,0.9278769118718135,0.9192825928623453
hinge,0.05,2000,adam,5.0,0.01,0.2,0.9027,0.608,0.9907,0.9834972080602088,0.980792668123331
hinge,0.05,2000,adam,1.0,0.01,0.2,0.9087,0.7209,0.9581,0.90982034474387,0.901128914785142
slide,0.05,2000,adam,6.0,0.01,0.2,0.9009,0.5962,0.9954,0.9890568099053169,0.986067006554989
slide,0.05,2000,adam,2.0,0.01,0.2,0.9045,0.6592,0.9749,0.9449745083758193,0.9394306870599659
hinge,0.05,2000,adam,6.0,0.01,0.2,0.9017,0.6022,0.9917,0.9856336489439185,0.9828611313425588
hinge,0.05,2000,adam,2.0,0.01,0.2,0.9082,0.7136,0.9591,0.9133648943918428,0.904549647972809
slide,0.05,2000,adam,7.0,0.01,0.2,0.9008,0.5956,0.9953,0.9888807963097839,0.9859856761349841
slide,0.05,2000,adam,3.0,0.01,0.2,0.9027,0.6356,0.9776,0.9581573197378005,0.9537072104879826
hinge,0.05,2000,adam,7.0,0.01,0.2,0.9012,0.5982,0.9931,0.9878611313425588,0.9850012138868658
hinge,0.05,2000,adam,3.0,0.01,0.2,0.9074,0.7099,0.9667,0.9148215586307357,0.9058315125030347
slide,0.05,2000,adam,8.0,0.01,0.2,0.9006,0.5955,0.9952,0.9888079630978391,0.9859237679048312
slide,0.05,2000,adam,4.0,0.01,0.2,0.9011,0.6227,0.9765,0.9642206846321923,0.9606300072833212
hinge,0.05,2000,adam,8.0,0.01,0.2,0.9006,0.5955,0.9944,0.9886622966739499,0.9858315125030348
hinge,0.05,2000,adam,4.0,0.01,0.2,0.905,0.6969,0.9602,0.9211155620296189,0.9120369021607186
slide,0.05,2000,adam,9.0,0.01,0.2,0.9006,0.5952,0.995,0.9887411993202233,0.9858897790725905
slide,0.05,2000,adam,5.0,0.01,0.2,0.9011,0.6167,0.9768,0.9687059966011167,0.9649453750910415
hinge,0.05,2000,adam,9.0,0.01,0.2,0.9005,0.594,0.9951,0.9891357125515902,0.9863449866472443
hinge,0.05,2000,adam,5.0,0.01,0.2,0.9056,0.689,0.9683,0.9257465404224327,0.9180104394270455
slide,0.05,2000,adam,10.0,0.01,0.2,0.9003,0.5942,0.9944,0.9887411993202233,0.9858727846564701
slide,0.05,2000,adam,6.0,0.01,0.2,0.8996,0.6112,0.982,0.9707331876669095,0.9674459820344745
hinge,0.05,2000,adam,10.0,0.01,0.2,0.9,0.5911,0.9953,0.9902646273367323,0.987456907016266
hinge,0.05,2000,adam,6.0,0.01,0.2,0.9057,0.6801,0.9744,0.9305110463704783,0.9234959941733432
slide,0.05,2000,adam,50.0,0.01,0.2,0.9,0.594,0.9922,0.9868596746783199,0.984047098810391
slide,0.05,2000,adam,7.0,0.01,0.2,0.9002,0.6134,0.9823,0.9701747997086672,0.967348871085215
hinge,0.05,2000,adam,7.0,0.01,0.2,0.9053,0.6756,0.9702,0.9356033017722748,0.9294209759650403
hinge,0.05,2000,adam,50.0,0.01,0.2,0.8966,0.561,0.9931,0.9896758922068464,0.9871558630735616
slide,0.05,2000,adam,8.0,0.01,0.2,0.9,0.6081,0.9823,0.9726996843894149,0.969995144452537
slide,0.05,2000,adam,70.0,0.01,0.2,0.9001,0.594,0.992,0.9868111192036901,0.9840046127700899
hinge,0.05,2000,adam,8.0,0.01,0.2,0.905,0.6665,0.9747,0.9396394756008741,0.9341235736829326
hinge,0.05,2000,adam,70.0,0.01,0.2,0.8937,0.539,0.9906,0.9907501820830299,0.9892643845593592
slide,0.05,2000,adam,9.0,0.01,0.2,0.9001,0.6108,0.9836,0.9720199077445982,0.9692437484826414
slide,0.05,2000,adam,80.0,0.01,0.2,0.9,0.5938,0.9919,0.9869142995872785,0.9840859431900947
hinge,0.05,2000,adam,9.0,0.01,0.2,0.9026,0.6588,0.9745,0.9435117747025978,0.9385324107793155
hinge,0.05,2000,adam,80.0,0.01,0.2,0.8914,0.5241,0.9895,0.993135469774217,0.9920162660840011
slide,0.05,2000,adam,10.0,0.01,0.2,0.8992,0.6086,0.9839,0.9716314639475601,0.9689269240106821
